"brand","style","menWomen","name","fabric","price","maxHeightFront","minHeightFront","rivetHeightFront","maxWidthFront","minWidthFront","maxHeightBack","minHeightBack","maxWidthBack","minWidthBack","cutout","waistSize","updatedStyle","group","priceGroup","pocketArea","rectanglePhone.area","rectanglePhone.cx","rectanglePhone.cy","rectanglePhone.width","rectanglePhone.height","rectanglePhone.angle","rectanglePhone.points","rectanglePhone.heightCM","rectanglePhone.widthCM","rectanglePen.area","rectanglePen.cx","rectanglePen.cy","rectanglePen.width","rectanglePen.height","rectanglePen.angle","rectanglePen.points","rectanglePen.heightCM","rectanglePen.widthCM","rectangleWallet.area","rectangleWallet.cx","rectangleWallet.cy","rectangleWallet.width","rectangleWallet.height","rectangleWallet.angle","rectangleWallet.points","rectangleHand.area","rectangleHand.cx","rectangleHand.cy","rectangleHand.width","rectangleHand.height","rectangleHand.angle","rectangleHand.points","rectangleHand.heightCM","rectangleHand.widthCM","rectangeWallet.area","rectangeWallet.cx","rectangeWallet.cy","rectangeWallet.width","rectangeWallet.height","rectangeWallet.angle","rectangeWallet.points","rectangeWallet.heightCM","rectangeWallet.widthCM"
"7 for All Mankind","straight","men","The Straight","98% cotton, 2% spandex",179,21.5,23,7,16.5,12.5,16,13,14,12.5,"FALSE",0,"straight","men - straight","$150+",11222.7266,4922.2733,49.7557,93.0026,49.6098,99.2197,15,c(38.636, 86.5554, 60.8755, 12.9561, 38.636, 38.6631, 51.5031, 147.342, 134.502, 38.6631),16.4421,8.2211,2210.7694,55.4501,79.3491,14.8687,148.6866,-30,c(11.8401, 24.7168, 99.06, 86.1834, 11.8401, 18.6831, 11.2488, 140.0152, 147.4495, 18.6831),24.6395,2.4639,7611.8915,59.7845,99.1707,78.0353,97.5442,90,c(108.5566, 108.5566, 11.0124, 11.0124, 108.5566, 60.1531, 138.1884, 138.1884, 60.1531, 60.1531),5595.3298,50.1215,93.1659,56.4742,99.0776,-165,c(64.5748, 10.0249, 35.6681, 90.218, 64.5748, 148.325, 133.7084, 38.0068, 52.6234, 148.325),16.4186,9.3586,7611.8915,59.7845,99.1707,78.0353,97.5442,90,c(108.5566, 108.5566, 11.0124, 11.0124, 108.5566, 60.1531, 138.1884, 138.1884, 60.1531, 60.1531),16.1645,12.9316
"7 for All Mankind","skinny","men","Paxtyn","92% cotton, 6% polyester, 2% spandex",209,21,23,7.5,16.5,13.5,15.5,14,14.5,13,"FALSE",0,"skinny","men - skinny","$150+",10841.9428,4985.8389,59.7845,91.0635,49.9291,99.8583,-35,c(10.6965, 51.5961, 108.8724, 67.9729, 10.6965, 64.4831, 35.8449, 117.644, 146.2822, 64.4831),16.5479,8.274,2233.3917,57.9624,79.0808,14.9445,149.4454,-30,c(14.1299, 27.0722, 101.7949, 88.8526, 14.1299, 18.1052, 10.6329, 140.0564, 147.5287, 18.1052),24.7652,2.4765,7615.5377,59.7845,94.832,78.054,97.5675,90,c(108.5682, 108.5682, 11.0007, 11.0007, 108.5682, 55.805, 133.859, 133.859, 55.805, 55.805),5215.1217,50.0834,92.1265,54.5217,95.6522,-165,c(64.0371, 11.3731, 36.1297, 88.7937, 64.0371, 145.3786, 131.2673, 38.8744, 52.9857, 145.3786),15.8509,9.035,7615.5377,59.7845,94.832,78.054,97.5675,90,c(108.5682, 108.5682, 11.0007, 11.0007, 108.5682, 55.805, 133.859, 133.859, 55.805, 55.805),16.1683,12.9347
"Abercrombie","slim","men","Langdon Slim","95% cotton, 4% polyester, 1% elastane",78,22,15,4.5,17,12.5,17.5,14,14,12,"FALSE",0,"skinny","men - skinny","$50 - $99",10624.6517,5053.5192,61.2931,75.659,50.2669,100.5338,90,c(111.56, 111.56, 11.0262, 11.0262, 111.56, 50.5256, 100.7925, 100.7925, 50.5256, 50.5256),16.6599,8.3299,1655.8925,61.7113,91.9602,12.8681,128.6815,45,c(102.6575, 111.7566, 20.7651, 11.6659, 102.6575, 41.9149, 51.014, 142.0056, 132.9064, 41.9149),21.3244,2.1324,5818.0696,46.3124,83.5405,68.2236,85.2795,0,c(12.2006, 80.4242, 80.4242, 12.2006, 12.2006, 40.9007, 40.9007, 126.1802, 126.1802, 40.9007),5135.8279,42.5232,85.4899,54.1057,94.9222,-175,c(65.3366, 11.4368, 19.7099, 73.6096, 65.3366, 135.1282, 130.4126, 35.8516, 40.5672, 135.1282),15.73,8.9661,5818.0696,46.3124,83.5405,68.2236,85.2795,0,c(12.2006, 80.4242, 80.4242, 12.2006, 12.2006, 40.9007, 40.9007, 126.1802, 126.1802, 40.9007),14.132,11.3056
"Abercrombie","straight","men","Kennan Straight","95% cotton, 4% polyester, 1% elastane",78,22.5,15,5,16,12,16,14,13,11,"FALSE",0,"straight","men - straight","$50 - $99",10134.1547,4769.461,40.0446,86.5192,48.8337,97.6674,5,c(19.9768, 68.6247, 60.1124, 11.4645, 19.9768, 35.7432, 39.9994, 137.2951, 133.039, 35.7432),16.1849,8.0924,1475.895,58.3825,97.6088,12.1486,121.4864,45,c(97.0392, 105.6296, 19.7257, 11.1354, 97.0392, 50.3617, 58.9521, 144.856, 136.2656, 50.3617),20.132,2.0132,5463.1022,44.9237,85.6645,66.1096,82.637,0,c(11.8689, 77.9785, 77.9785, 11.8689, 11.8689, 44.346, 44.346, 126.983, 126.983, 44.346),4868.8273,40.6042,86.9237,52.6805,92.4219,-175,c(62.8166, 10.3366, 18.3917, 70.8717, 62.8166, 135.2545, 130.6631, 38.5929, 43.1843, 135.2545),15.3156,8.7299,5463.1022,44.9237,85.6645,66.1096,82.637,0,c(11.8689, 77.9785, 77.9785, 11.8689, 11.8689, 44.346, 44.346, 126.983, 126.983, 44.346),13.6941,10.9553
"American Eagle","straight","men","Straight","85% cotton, 13% polyester, 2% elastane",49.95,22,18,6.5,16.5,12,17,14,13.5,12.5,"FALSE",0,"straight","men - straight","< $50",10555.3996,4597.8196,59.7845,84.2216,47.9469,95.8939,90,c(107.7314, 107.7314, 11.8375, 11.8375, 107.7314, 60.2481, 108.1951, 108.1951, 60.2481, 60.2481),15.891,7.9455,1736.2985,50.5288,71.4539,13.1769,131.7687,-30,c(11.8809, 23.2924, 89.1767, 77.7652, 11.8809, 17.6906, 11.1022, 125.2172, 131.8056, 17.6906),21.836,2.1836,6612.4733,59.7845,82.4985,72.7322,90.9153,-85,c(11.3303, 17.6693, 108.2387, 101.8996, 11.3303, 114.7643, 42.3088, 50.2326, 122.6881, 114.7643),4934.3421,46.3249,90.7878,53.0337,93.0416,-170,c(64.3607, 12.1327, 28.2892, 80.5172, 64.3607, 141.2064, 131.9972, 40.3691, 49.5783, 141.2064),15.4183,8.7884,6612.4733,59.7845,82.4985,72.7322,90.9153,-85,c(11.3303, 17.6693, 108.2387, 101.8996, 11.3303, 114.7643, 42.3088, 50.2326, 122.6881, 114.7643),15.066,12.0528
"American Eagle","skinny","men","NE(X)T Level Flex Skinny","65% cotton, 23% viscose, 10% polyester, 2% elastane",49.95,21,15,6,14.5,12,15,12,11.5,11,"FALSE",0,"skinny","men - skinny","< $50",8479.8955,3930.7496,38.9144,83.637,44.3325,88.6651,5,c(20.6963, 64.8602, 57.1325, 12.9687, 20.6963, 37.5412, 41.4051, 129.7328, 125.8689, 37.5412),14.6931,7.3465,1386.7415,19.6146,73.9515,11.776,117.76,0,c(13.7266, 25.5026, 25.5026, 13.7266, 13.7266, 15.0715, 15.0715, 132.8315, 132.8315, 15.0715),19.5145,1.9515,4735.3851,53.75,78.0067,61.5492,76.9365,20,c(37.9882, 95.8256, 69.5118, 11.6744, 37.9882, 31.3328, 52.3839, 124.6806, 103.6295, 31.3328),4276.7384,40.4974,83.9936,49.3735,86.6201,-175,c(61.3155, 12.1299, 19.6793, 68.865, 61.3155, 129.2904, 124.9872, 38.6967, 42.9999, 129.2904),14.3542,8.1819,4735.3851,53.75,78.0067,61.5492,76.9365,20,c(37.9882, 95.8256, 69.5118, 11.6744, 37.9882, 31.3328, 52.3839, 124.6806, 103.6295, 31.3328),12.7495,10.1996
"Arizona","skinny","men","Skinny Fit","72% cotton, 19% polyester, 8% rayon, 1% spandex",50,26,20.5,7.5,17,14,17,14.7,14,13,"FALSE",0,"skinny","men - skinny","$50 - $99",12667.6559,6185.6501,43.5632,101.1334,55.6132,111.2263,5,c(20.7095, 76.111, 66.417, 11.0154, 20.7095, 43.3083, 48.1553, 158.9584, 154.1114, 43.3083),18.4318,9.2159,1977.337,23.9213,90.1085,14.0618,140.6178,5,c(23.045, 37.0533, 24.7976, 10.7893, 23.045, 19.4543, 20.6799, 160.7626, 159.5371, 19.4543),23.3024,2.3302,7547.7285,50.4747,100.7906,77.7057,97.1322,0,c(11.6218, 89.3275, 89.3275, 11.6218, 11.6218, 52.2246, 52.2246, 149.3567, 149.3567, 52.2246),6734.817,47.4689,102.4004,61.9584,108.699,-175,c(73.5933, 11.8707, 21.3444, 83.0671, 73.5933, 159.2431, 153.843, 45.5577, 50.9577, 159.2431),18.013,10.2674,7547.7285,50.4747,100.7906,77.7057,97.1322,0,c(11.6218, 89.3275, 89.3275, 11.6218, 11.6218, 52.2246, 52.2246, 149.3567, 149.3567, 52.2246),16.0962,12.877
"Arizona","boot-cut","men","Original Bootcut","100% cotton",50,24.5,21.5,8.75,18,13.5,16,13.5,15.2,13.5,"FALSE",0,"straight","men - straight","$50 - $99",12751.06,5473.6872,64.3103,94.7972,52.3149,104.6297,90,c(116.6252, 116.6252, 11.9955, 11.9955, 116.6252, 68.6398, 120.9547, 120.9547, 68.6398, 68.6398),17.3386,8.6693,2122.2048,42.8747,83.6702,14.5678,145.6779,-20,c(11.1177, 24.807, 74.6317, 60.9425, 11.1177, 17.7152, 12.7328, 149.6252, 154.6077, 17.7152),24.1409,2.4141,7816.4088,64.3103,101.7482,79.0767,98.8459,90,c(113.7333, 113.7333, 14.8874, 14.8874, 113.7333, 62.2099, 141.2866, 141.2866, 62.2099, 62.2099),5556.9353,64.3103,100.2643,56.2801,98.7371,-160,c(73.8683, 20.9823, 54.7524, 107.6384, 73.8683, 156.28, 137.0311, 44.2486, 63.4975, 156.28),16.3621,9.3264,7816.4088,64.3103,101.7482,79.0767,98.8459,90,c(113.7333, 113.7333, 14.8874, 14.8874, 113.7333, 62.2099, 141.2866, 141.2866, 62.2099, 62.2099),16.3802,13.1041
"Buckle Black","slim","men","Fit No. 3 Straight Leg Slim Fit","53% cotton, 22% polyester, 23% rayan, 2% spandex",94.95,21,14.5,7,19,16,16,12,14,13.5,"FALSE",0,"skinny","men - skinny","$50 - $99",10399.3621,5006.4462,67.3276,77.6613,50.0322,100.0644,90,c(117.3598, 117.3598, 17.2954, 17.2954, 117.3598, 52.6452, 102.6774, 102.6774, 52.6452, 52.6452),16.5821,8.2911,1568.3658,67.3276,95.0225,12.5234,125.2344,55,c(115.029, 122.2122, 19.6261, 12.443, 115.029, 53.9775, 64.2361, 136.0676, 125.809, 53.9775),20.7531,2.0753,5497.4706,53.2319,85.0345,66.3172,82.8966,90,c(94.6802, 94.6802, 11.7837, 11.7837, 94.6802, 51.8759, 118.1931, 118.1931, 51.8759, 51.8759),4348.8381,42.2251,85.8184,49.7879,87.3472,-170,c(59.157, 10.1254, 25.2931, 74.3247, 59.157, 133.1513, 124.5057, 38.4855, 47.1311, 133.1513),14.4747,8.2506,5497.4706,53.2319,85.0345,66.3172,82.8966,90,c(94.6802, 94.6802, 11.7837, 11.7837, 94.6802, 51.8759, 118.1931, 118.1931, 51.8759, 51.8759),13.7371,10.9897
"Buckle Black","boot-cut","men","Fit No. 9 Bootleg","92% cotton, 6% polyester, 2% elastane",94.95,21,18.5,8.5,18.5,14.5,16,14,13,12.5,"FALSE",0,"straight","men - straight","$50 - $99",10826.6762,5903.8714,65.8166,91.4765,54.3317,108.6634,90,c(120.1483, 120.1483, 11.4849, 11.4849, 120.1483, 64.3106, 118.6424, 118.6424, 64.3106, 64.3106),18.0071,9.0035,1776.9989,59.2664,69.2664,13.3304,133.3041,-35,c(15.5765, 26.4961, 102.9562, 92.0366, 15.5765, 18.4913, 10.8452, 120.0416, 127.6876, 18.4913),22.0904,2.209,6121.1777,57.366,90.7683,69.9782,87.4727,-85,c(10.7466, 16.8456, 103.9854, 97.8864, 10.7466, 121.8124, 52.1005, 59.7243, 129.4361, 121.8124),4327.4968,45.4068,89.927,49.6656,87.1327,-165,c(58.1176, 10.1443, 32.6959, 80.6692, 58.1176, 138.436, 125.5816, 41.4179, 54.2723, 138.436),14.4391,8.2303,6121.1777,57.366,90.7683,69.9782,87.4727,-85,c(10.7466, 16.8456, 103.9854, 97.8864, 10.7466, 121.8124, 52.1005, 59.7243, 129.4361, 121.8124),14.4955,11.5964
"Calvin Klein","skinny","men","Skinny","98% cotton, 2% spandex",89.5,22,14.5,6,15,13.5,16.5,13.5,14.2,11.5,"FALSE",0,"skinny","men - skinny","$50 - $99",8934.3709,4365.1766,37.4411,86.0554,46.7182,93.4364,5,c(18.2427, 64.7831, 56.6396, 10.0992, 18.2427, 37.4791, 41.5509, 134.6317, 130.5599, 37.4791),15.4837,7.7419,1523.1407,17.3395,76.4201,12.3416,123.4156,0,c(11.1687, 23.5102, 23.5102, 11.1687, 11.1687, 14.7123, 14.7123, 138.1279, 138.1279, 14.7123),20.4517,2.0452,4785.4069,41.487,85.5019,61.8735,77.3418,0,c(10.5503, 72.4238, 72.4238, 10.5503, 10.5503, 46.831, 46.831, 124.1728, 124.1728, 46.831),4374.9113,52.0242,84.4444,49.937,87.6087,-155,c(56.1409, 10.8826, 47.9076, 93.1659, 56.1409, 134.6968, 113.5925, 34.192, 55.2963, 134.6968),14.518,8.2753,4785.4069,41.487,85.5019,61.8735,77.3418,0,c(10.5503, 72.4238, 72.4238, 10.5503, 10.5503, 46.831, 46.831, 124.1728, 124.1728, 46.831),12.8166,10.2533
"Calvin Klein","straight","men","Straight","98% cotton, 2% elastane",69.5,21.5,20.5,6,18,13.5,17,14.5,15.5,12.5,"FALSE",0,"straight","men - straight","$50 - $99",11826.1026,5567.627,64.3103,85.6543,52.7619,105.5237,90,c(117.0722, 117.0722, 11.5485, 11.5485, 117.0722, 59.2734, 112.0352, 112.0352, 59.2734, 59.2734),17.4868,8.7434,2040.7017,62.4683,73.1088,14.2853,142.8531,-35,c(15.6488, 27.3506, 109.2878, 97.586, 15.6488, 18.6965, 10.5028, 127.5212, 135.7149, 18.6965),23.6728,2.3673,8874.7263,64.7013,91.833,84.2602,105.3252,90,c(117.364, 117.364, 12.0387, 12.0387, 117.364, 49.7029, 133.9631, 133.9631, 49.7029, 49.7029),5537.4014,48.6758,89.3861,56.1811,98.5634,-170,c(67.7819, 12.4543, 29.5697, 84.8973, 67.7819, 142.797, 133.0412, 35.9752, 45.731, 142.797),16.3334,9.31,8874.7263,64.7013,91.833,84.2602,105.3252,90,c(117.364, 117.364, 12.0387, 12.0387, 117.364, 49.7029, 133.9631, 133.9631, 49.7029, 49.7029),17.4539,13.9631
"Express","boot-cut","men","Classic Boot Stretch","98% cotton, 2% spandex",79.9,21.5,16,7.5,16,13,16.2,13.5,13.5,12.7,"FALSE",0,"straight","men - straight","$50 - $99",9377.6447,4456.195,58.2759,82.6739,47.2027,94.4055,90,c(105.4786, 105.4786, 11.0731, 11.0731, 105.4786, 59.0726, 106.2753, 106.2753, 59.0726, 59.0726),15.6443,7.8222,1406.188,22.002,75.0351,11.8583,118.5828,5,c(21.263, 33.0762, 22.741, 10.9278, 21.263, 15.4525, 16.4861, 134.6176, 133.5841, 15.4525),19.6509,1.9651,5041.1473,50.9711,87.1474,63.5053,79.3816,90,c(90.6619, 90.6619, 11.2803, 11.2803, 90.6619, 55.3948, 118.9001, 118.9001, 55.3948, 55.3948),4120.3276,54.2446,87.5019,48.4622,85.0214,-150,c(53.974, 12.0045, 54.5152, 96.4847, 53.974, 136.4329, 112.2017, 38.571, 62.8021, 136.4329),14.0893,8.0309,5041.1473,50.9711,87.1474,63.5053,79.3816,90,c(90.6619, 90.6619, 11.2803, 11.2803, 90.6619, 55.3948, 118.9001, 118.9001, 55.3948, 55.3948),13.1547,10.5237
"Express","skinny","men","Super Skinny Stretch","75% cotton, 24% polyester, 1% spandex",88,20.5,17,7,15.5,12.5,16,12.5,14,12,"FALSE",0,"skinny","men - skinny","$50 - $99",9030.4098,4044.0889,56.7672,80.8731,44.9671,89.9343,90,c(101.7344, 101.7344, 11.8001, 11.8001, 101.7344, 58.3895, 103.3566, 103.3566, 58.3895, 58.3895),14.9034,7.4517,1532.1818,48.6966,67.6948,12.3781,123.7813,-30,c(12.3914, 23.1112, 85.0018, 74.282, 12.3914, 17.1904, 11.0013, 118.1991, 124.3882, 17.1904),20.5123,2.0512,5367.9204,53.2128,85.3253,65.5312,81.914,90,c(94.1698, 94.1698, 12.2558, 12.2558, 94.1698, 52.5597, 118.0909, 118.0909, 52.5597, 52.5597),4310.2207,42.3961,85.8864,49.5664,86.9586,-170,c(59.2527, 10.4394, 25.5396, 74.3529, 59.2527, 133.0087, 124.4016, 38.7641, 47.3712, 133.0087),14.4103,8.2139,5367.9204,53.2128,85.3253,65.5312,81.914,90,c(94.1698, 94.1698, 12.2558, 12.2558, 94.1698, 52.5597, 118.0909, 118.0909, 52.5597, 52.5597),13.5743,10.8595
"Gap","skinny","men","Skinny","90% cotton, 8% elasterell-p, 2% spandex",69.95,22,16.5,6.5,17.5,14,15.5,13.5,13.5,11.5,"FALSE",0,"skinny","men - skinny","$50 - $99",10704.8246,5348.4881,62.8017,83.7646,51.7131,103.4262,90,c(114.5148, 114.5148, 11.0886, 11.0886, 114.5148, 57.908, 109.6211, 109.6211, 57.908, 57.908),17.1392,8.5696,1626.7856,38.2448,75.0009,12.7546,127.5455,-20,c(10.4405, 22.4259, 66.049, 54.0636, 10.4405, 17.2553, 12.893, 132.7465, 137.1088, 17.2553),21.1361,2.1136,6095.4087,62.8017,78.3386,69.8307,87.2884,-75,c(11.6079, 29.6814, 113.9955, 95.922, 11.6079, 100.7683, 33.317, 55.9089, 123.3602, 100.7683),4673.1992,43.5461,90.1227,51.6113,90.5461,-170,c(61.0981, 10.2709, 25.9941, 76.8213, 61.0981, 139.1891, 130.2268, 41.0564, 50.0186, 139.1891),15.0048,8.5527,6095.4087,62.8017,78.3386,69.8307,87.2884,-75,c(11.6079, 29.6814, 113.9955, 95.922, 11.6079, 100.7683, 33.317, 55.9089, 123.3602, 100.7683),14.4649,11.5719
"Gap","boot-cut","men","Original Boot","100% cotton",59.95,23,16.7,7.2,17.5,14,15.5,13.5,14,12.5,"FALSE",0,"straight","men - straight","$50 - $99",11022.0396,5332.6385,62.8017,82.7389,51.6364,103.2728,90,c(114.4381, 114.4381, 11.1653, 11.1653, 114.4381, 56.9207, 108.5571, 108.5571, 56.9207, 56.9207),17.1138,8.5569,1646.079,22.9114,79.7295,12.83,128.2996,5,c(22.1119, 34.893, 23.711, 10.9298, 22.1119, 15.2647, 16.3829, 144.1943, 143.0761, 15.2647),21.2611,2.1261,5981.0248,62.8017,81.5407,69.1724,86.4655,-70,c(10.3471, 34.0054, 115.2564, 91.598, 10.3471, 99.2547, 34.2539, 63.8268, 128.8276, 99.2547),5032.264,44.7053,93.7218,53.5574,93.9603,-170,c(62.9191, 10.1754, 26.4915, 79.2352, 62.9191, 144.6382, 135.3381, 42.8053, 52.1054, 144.6382),15.5706,8.8752,5981.0248,62.8017,81.5407,69.1724,86.4655,-70,c(10.3471, 34.0054, 115.2564, 91.598, 10.3471, 99.2547, 34.2539, 63.8268, 128.8276, 99.2547),14.3286,11.4629
"Guess","straight","men","Regular Straight","91% cotton, 7% polyester, 2% elastane",98,25.5,17,8.7,17.5,13,16,14.5,14,11.5,"TRUE",0,"straight","men - straight","$50 - $99",12609.9014,5657.0909,58.8195,102.7311,53.1841,106.3681,25,c(57.1955, 105.3966, 60.4435, 12.2424, 57.1955, 43.2917, 65.7683, 162.1705, 139.694, 43.2917),17.6267,8.8134,2343.8778,52.081,86.9397,15.3097,153.0973,-20,c(18.7067, 33.0931, 85.4554, 71.069, 18.7067, 17.6256, 12.3893, 156.2537, 161.49, 17.6256),25.3704,2.537,8321.6378,63.5326,106.3331,81.5923,101.9904,10,c(32.2115, 112.5642, 94.8538, 14.501, 32.2115, 49.0284, 63.1968, 163.6377, 149.4694, 49.0284),6183.3209,59.3012,100.9448,59.3674,104.1534,-155,c(64.1953, 10.3901, 54.4072, 108.2124, 64.1953, 160.6872, 135.5974, 41.2024, 66.2921, 160.6872),17.2597,9.838,8321.6378,63.5326,106.3331,81.5923,101.9904,10,c(32.2115, 112.5642, 94.8538, 14.501, 32.2115, 49.0284, 63.1968, 163.6377, 149.4694, 49.0284),16.9013,13.521
"Guess","skinny","men","Skinny","98% cotton, 2% spandex",98,22.5,16.5,7,14,12,17,14.5,14.5,12,"TRUE",0,"skinny","men - skinny","$50 - $99",8996.149,4915.1778,46.2042,92.5107,49.5741,99.1482,10,c(30.4022, 79.2231, 62.0062, 13.1853, 30.4022, 39.3856, 47.994, 145.6359, 137.0274, 39.3856),16.4303,8.2151,1834.1037,40.4521,77.8879,13.5429,135.4291,-20,c(10.9293, 23.6555, 69.975, 57.2488, 10.9293, 16.573, 11.9411, 139.2028, 143.8348, 16.573),22.4425,2.2443,5708.5723,51.3522,93.4463,67.5785,84.4732,10,c(25.4106, 91.9625, 77.2939, 10.742, 25.4106, 45.984, 57.7189, 140.9087, 129.1738, 45.984),5398.9275,46.2042,92.5107,55.4742,97.3232,-170,c(65.0699, 10.4385, 27.3385, 81.9699, 65.0699, 145.2495, 135.6165, 39.7719, 49.4049, 145.2495),16.1278,9.1929,5708.5723,51.3522,93.4463,67.5785,84.4732,10,c(25.4106, 91.9625, 77.2939, 10.742, 25.4106, 45.984, 57.7189, 140.9087, 129.1738, 45.984),13.9984,11.1987
"H&M","skinny","men","Skinny","99% cotton, 1% elastane",39.99,20,16,7,14.5,12,16.5,13.5,13.5,12.5,"FALSE",0,"skinny","men - skinny","< $50",8129.5324,3711.9845,40.2604,83.6534,43.0812,86.1625,10,c(26.528, 68.9547, 53.9928, 11.566, 26.528, 37.4862, 44.9672, 129.8206, 122.3397, 37.4862),14.2784,7.1392,1394.8485,46.4159,65.0743,11.8104,118.1037,-30,c(11.7759, 22.004, 81.0558, 70.8278, 11.7759, 16.8865, 10.9813, 113.2621, 119.1673, 16.8865),19.5715,1.9571,4676.2842,49.0823,82.8273,61.1639,76.4549,90,c(87.3097, 87.3097, 10.8548, 10.8548, 87.3097, 52.2454, 113.4093, 113.4093, 52.2454, 52.2454),3911.5848,40.5788,83.747,47.2187,82.8398,-170,c(56.637, 10.1357, 24.5207, 71.022, 56.637, 128.6373, 120.4379, 38.8566, 47.0561, 128.6373),13.7277,7.8248,4676.2842,49.0823,82.8273,61.1639,76.4549,90,c(87.3097, 87.3097, 10.8548, 10.8548, 87.3097, 52.2454, 113.4093, 113.4093, 52.2454, 52.2454),12.6697,10.1357
"H&M","straight","men","Straight","100% cotton",49.99,21.5,17,7,16.5,14,16,14.5,14.5,13,"FALSE",0,"straight","men - straight","< $50",9892.5682,4574.7154,59.7845,83.6617,47.8263,95.6527,90,c(107.6108, 107.6108, 11.9582, 11.9582, 107.6108, 59.7485, 107.5749, 107.5749, 59.7485, 59.7485),15.851,7.9255,1450.1099,23.2849,75.3404,12.0421,120.4205,0,c(17.2639, 29.3059, 29.3059, 17.2639, 17.2639, 15.1301, 15.1301, 135.5506, 135.5506, 15.1301),19.9554,1.9955,5819.6161,59.7845,80.6988,68.2326,85.2908,-80,c(11.8627, 23.7112, 107.7062, 95.8578, 11.8627, 106.8915, 39.6955, 54.5061, 121.7021, 106.8915),4515.2412,43.7895,88.8029,50.7315,89.0027,-170,c(61.0424, 11.0816, 26.5367, 76.4975, 61.0424, 137.0328, 128.2234, 40.5729, 49.3823, 137.0328),14.749,8.4069,5819.6161,59.7845,80.6988,68.2326,85.2908,-80,c(11.8627, 23.7112, 107.7062, 95.8578, 11.8627, 106.8915, 39.6955, 54.5061, 121.7021, 106.8915),14.1339,11.3071
"J. Crew","skinny","men","484 Slim","83% cotton, 14% polyester, 3% elastane",98,25,16,6,17,13,15,12,12.5,11.5,"TRUE",0,"skinny","men - skinny","$50 - $99",12461.6415,6322.9878,59.6865,99.1014,56.2272,112.4543,15,c(47.0835, 101.3948, 72.2894, 17.9782, 47.0835, 37.5138, 52.0665, 160.689, 146.1363, 37.5138),18.6353,9.3176,2243.0709,52.8168,85.431,14.9769,149.7689,-20,c(20.1679, 34.2416, 85.4656, 71.3919, 20.1679, 17.6239, 12.5015, 153.2382, 158.3606, 17.6239),24.8188,2.4819,8526.5491,61.2931,94.1852,82.5908,103.2385,10,c(29.5887, 110.9247, 92.9975, 11.6615, 29.5887, 36.1793, 50.521, 152.1911, 137.8493, 36.1793),7342.8705,60.5475,101.1409,64.6949,113.4999,-175,c(87.8258, 23.377, 33.2692, 97.7179, 87.8258, 160.4942, 154.8556, 41.7876, 47.4262, 160.4942),18.8086,10.7209,8526.5491,61.2931,94.1852,82.5908,103.2385,10,c(29.5887, 110.9247, 92.9975, 11.6615, 29.5887, 36.1793, 50.521, 152.1911, 137.8493, 36.1793),17.1081,13.6865
"J. Crew","straight","men","770 Straight","83% cotton, 14% polyester, 3% elastane",98,22.5,14,6,14.5,13,15.5,13,13.5,12,"TRUE",0,"straight","men - straight","$50 - $99",9299.9818,5031.573,51.1504,89.645,50.1576,100.3152,20,c(44.739, 91.8717, 57.5619, 10.4291, 44.739, 33.9348, 51.0897, 145.3552, 128.2003, 33.9348),16.6237,8.3118,1816.2789,44.9329,77.8879,13.4769,134.7694,-25,c(10.3478, 22.5621, 79.5181, 67.3038, 10.3478, 19.6645, 13.9689, 136.1114, 141.807, 19.6645),22.3332,2.2333,6125.3923,53.75,86.7547,70.0022,87.5028,10,c(26.878, 95.8167, 80.622, 11.6833, 26.878, 37.5901, 49.7458, 135.9193, 123.7635, 37.5901),5564.4156,47.5982,91.809,56.318,98.8035,-170,c(66.7509, 11.2885, 28.4455, 83.9079, 66.7509, 145.35, 135.5705, 38.268, 48.0475, 145.35),16.3732,9.3327,6125.3923,53.75,86.7547,70.0022,87.5028,10,c(26.878, 95.8167, 80.622, 11.6833, 26.878, 37.5901, 49.7458, 135.9193, 123.7635, 37.5901),14.5005,11.6004
"Lee","straight","men","Modern Series Straight Leg","98% cotton, 2% spandex",48,24.5,15.5,7.5,16.2,13.5,17.5,14,15,14,"FALSE",0,"straight","men - straight","< $50",10532.7301,5065.4731,41.7915,95.3245,50.3263,100.6526,5,c(21.1103, 71.2451, 62.4727, 12.3379, 21.1103, 42.9966, 47.3828, 147.6524, 143.2662, 42.9966),16.6796,8.3398,1715.3264,23.6834,86.2558,13.097,130.9705,5,c(22.8672, 35.9144, 24.4996, 11.4524, 22.8672, 20.449, 21.5905, 152.0626, 150.9211, 20.449),21.7037,2.1704,5736.0975,44.7286,92.5869,67.7413,84.6766,0,c(10.8579, 78.5992, 78.5992, 10.8579, 10.8579, 50.2486, 50.2486, 134.9251, 134.9251, 50.2486),5340.2542,41.875,95.3331,55.172,96.7929,-175,c(65.138, 10.176, 18.6121, 73.5741, 65.138, 145.9497, 141.1411, 44.7166, 49.5251, 145.9497),16.04,9.1428,5736.0975,44.7286,92.5869,67.7413,84.6766,0,c(10.8579, 78.5992, 78.5992, 10.8579, 10.8579, 50.2486, 50.2486, 134.9251, 134.9251, 50.2486),14.0321,11.2257
"Lee","slim","men","Modern Series Slim Tapered Leg","98% cotton, 2% spandex",48,25.5,25,7,16.5,14,16.5,13.7,14,12.5,"FALSE",0,"skinny","men - skinny","< $50",13102.0319,6594.3293,59.7845,102.4443,57.4209,114.8419,20,c(52.4446, 106.4026, 67.1244, 13.1663, 52.4446, 38.6667, 58.3058, 166.2219, 146.5827, 38.6667),19.0309,9.5155,2563.2745,59.7845,85.1452,16.0102,160.1023,-30,c(12.8263, 26.6915, 106.7427, 92.8774, 12.8263, 19.8215, 11.8163, 150.469, 158.4741, 19.8215),26.5312,2.6531,9518.7011,59.7845,102.6487,87.2637,109.0797,5,c(21.0721, 108.0038, 98.4969, 11.5652, 21.0721, 44.5136, 52.1192, 160.7838, 153.1782, 44.5136),7300.8909,59.7845,102.8289,64.5097,113.175,-170,c(81.723, 18.1933, 37.8459, 101.3756, 81.723, 164.1577, 152.9557, 41.5001, 52.7021, 164.1577),18.7547,10.6902,9518.7011,59.7845,102.6487,87.2637,109.0797,5,c(21.0721, 108.0038, 98.4969, 11.5652, 21.0721, 44.5136, 52.1192, 160.7838, 153.1782, 44.5136),18.0761,14.4608
"Levi's","skinny","men","510 Skinny","99% cotton, 1% elastane ",69.5,25.5,19,7.5,14.5,13,16.5,15,13,11.5,"FALSE",0,"skinny","men - skinny","$50 - $99",10431.4126,5505.4034,53.75,96.5324,52.4662,104.9324,20,c(47.0434, 96.3455, 60.4566, 11.1545, 47.0434, 38.258, 56.2025, 154.8067, 136.8622, 38.258),17.3888,8.6944,1763.4579,24.6833,93.0258,13.2795,132.7953,5,c(23.8557, 37.0847, 25.5108, 12.2818, 23.8557, 26.3022, 27.4595, 159.7495, 158.5921, 26.3022),22.0061,2.2006,5966.8215,53.75,90.5282,69.0902,86.3628,90,c(96.9314, 96.9314, 10.5686, 10.5686, 96.9314, 55.9831, 125.0733, 125.0733, 55.9831, 55.9831),5627.1319,53.75,95.9651,56.6345,99.3587,-160,c(63.3682, 10.1491, 44.1318, 97.3509, 63.3682, 152.3335, 132.9634, 39.5967, 58.9668, 152.3335),16.4652,9.3851,5966.8215,53.75,90.5282,69.0902,86.3628,90,c(96.9314, 96.9314, 10.5686, 10.5686, 96.9314, 55.9831, 125.0733, 125.0733, 55.9831, 55.9831),14.3115,11.4492
"Levi's","straight","men","569 Loose Straight","100% Cotton",59.5,26,17.5,9,16.5,11.5,15,12.5,13.2,11.7,"FALSE",0,"straight","men - straight","$50 - $99",11591.2597,5122.0452,44.2553,103.6335,50.6065,101.2131,10,c(28.1242, 77.9619, 60.3864, 10.5487, 28.1242, 49.4019, 58.1896, 157.865, 149.0773, 49.4019),16.7725,8.3862,2219.2012,24.7877,89.2528,14.897,148.9698,-5,c(10.8758, 25.7161, 38.6996, 23.8593, 10.8758, 15.7005, 14.4021, 162.8051, 164.1034, 15.7005),24.6864,2.4686,5809.6994,59.0538,94.3433,68.1745,85.2181,25,c(46.1676, 107.9547, 71.9399, 10.1529, 46.1676, 41.3205, 70.1323, 147.3661, 118.5543, 41.3205),5531.046,56.5044,101.163,56.1489,98.5068,-155,c(61.1331, 10.2449, 51.8757, 102.7638, 61.1331, 157.6666, 133.937, 44.6595, 68.3891, 157.6666),16.324,9.3047,5809.6994,59.0538,94.3433,68.1745,85.2181,25,c(46.1676, 107.9547, 71.9399, 10.1529, 46.1676, 41.3205, 70.1323, 147.3661, 118.5543, 41.3205),14.1219,11.2975
"Lucky","slim","men","121 Slim","98% cotton, 2% elastane",99,21,16.5,6,16.7,14.5,15.2,13,14.5,12,"FALSE",0,"skinny","men - skinny","$50 - $99",9871.3187,4705.1676,60.3879,81.6248,48.5034,97.0069,90,c(108.8914, 108.8914, 11.8845, 11.8845, 108.8914, 57.3731, 105.8766, 105.8766, 57.3731, 57.3731),16.0754,8.0377,1484.6809,34.7901,73.8049,12.1847,121.8475,-15,c(13.1371, 24.9066, 56.4431, 44.6735, 13.1371, 16.5339, 13.3803, 131.0759, 134.2296, 16.5339),20.1919,2.0192,5778.7894,55.5835,84.8968,67.9929,84.9911,85,c(94.9543, 100.8803, 16.2126, 10.2866, 94.9543, 47.326, 115.0602, 122.4676, 54.7335, 47.326),4521.8304,43.3834,87.1312,50.7685,89.0676,-170,c(60.6488, 10.6516, 26.118, 76.1153, 60.6488, 135.3963, 126.5805, 38.866, 47.6819, 135.3963),14.7598,8.4131,5778.7894,55.5835,84.8968,67.9929,84.9911,85,c(94.9543, 100.8803, 16.2126, 10.2866, 94.9543, 47.326, 115.0602, 122.4676, 54.7335, 47.326),14.0842,11.2674
"Lucky","straight","men","363 New Vintage Straight","98% cotton, 2% elastane",129,22.5,18,6.5,17,13.5,16.2,14.7,13,12,"FALSE",0,"straight","men - straight","$100 - $149",10957.0321,4876.7786,61.2931,86.0421,49.38,98.7601,90,c(110.6732, 110.6732, 11.9131, 11.9131, 110.6732, 61.3521, 110.7321, 110.7321, 61.3521, 61.3521),16.366,8.183,1571.1322,59.8359,97.4743,12.5345,125.3448,45,c(99.7203, 108.5835, 19.9514, 11.0882, 99.7203, 48.7266, 57.5898, 146.222, 137.3588, 48.7266),20.7714,2.0771,6541.5805,61.2931,86.0421,72.3413,90.4266,90,c(106.5064, 106.5064, 16.0798, 16.0798, 106.5064, 49.8715, 122.2128, 122.2128, 49.8715, 49.8715),4968.9422,45.2772,91.7513,53.2193,93.3672,-170,c(63.3761, 10.9653, 27.1784, 79.5892, 63.3761, 142.3464, 133.105, 41.1562, 50.3976, 142.3464),15.4723,8.8192,6541.5805,61.2931,86.0421,72.3413,90.4266,90,c(106.5064, 106.5064, 16.0798, 16.0798, 106.5064, 49.8715, 122.2128, 122.2128, 49.8715, 49.8715),14.985,11.988
"Old Navy","skinny","men","Skinny","99% cotton, 1% spandex",39.99,24.5,16.5,6,15.5,14,15.5,13,13,11,"FALSE",0,"skinny","men - skinny","< $50",10511.3794,5175.4776,54.6165,93.2041,50.8698,101.7396,25,c(53.0632, 99.1669, 56.1699, 10.0662, 53.0632, 36.3511, 57.8497, 150.0571, 128.5586, 36.3511),16.8597,8.4299,1892.0532,17.7869,83.9224,13.7552,137.5519,0,c(10.9093, 24.6645, 24.6645, 10.9093, 10.9093, 15.1465, 15.1465, 152.6984, 152.6984, 15.1465),22.7943,2.2794,5792.0412,56.7672,85.7151,68.0708,85.0885,20,c(39.3354, 103.301, 74.1991, 10.2334, 39.3354, 34.0958, 57.3774, 137.3344, 114.0528, 34.0958),5326.0422,55.3996,91.2222,55.0985,96.664,-155,c(59.9417, 10.0055, 50.8575, 100.7937, 59.9417, 146.6687, 123.3831, 35.7757, 59.0614, 146.6687),16.0186,9.1306,5792.0412,56.7672,85.7151,68.0708,85.0885,20,c(39.3354, 103.301, 74.1991, 10.2334, 39.3354, 34.0958, 57.3774, 137.3344, 114.0528, 34.0958),14.1004,11.2803
"Old Navy","boot-cut","men","boot-cut","99% cotton, 1% spandex",39.99,24.5,21.5,6,17,14.5,14,12,12,11,"FALSE",0,"straight","men - straight","< $50",12527.1285,5983.9921,47.1653,98.8793,54.6991,109.3983,10,c(29.7296, 83.5977, 64.6009, 10.7328, 29.7296, 40.262, 49.7604, 157.4966, 147.9982, 40.262),18.1289,9.0644,2287.0965,60.3441,76.3134,15.1231,151.2315,-35,c(10.7786, 23.1667, 109.9095, 97.5214, 10.7786, 18.7098, 10.0355, 133.9171, 142.5914, 18.7098),25.0612,2.5061,8227.5863,54.4464,97.4679,81.13,101.4124,0,c(13.8814, 95.0114, 95.0114, 13.8814, 13.8814, 46.7617, 46.7617, 148.1741, 148.1741, 46.7617),6837.5599,46.6665,97.0961,62.4292,109.525,-175,c(72.9895, 10.7978, 20.3436, 82.5352, 72.9895, 154.3707, 148.9296, 39.8214, 45.2625, 154.3707),18.1499,10.3454,8227.5863,54.4464,97.4679,81.13,101.4124,0,c(13.8814, 95.0114, 95.0114, 13.8814, 13.8814, 46.7617, 46.7617, 148.1741, 148.1741, 46.7617),16.8055,13.4444
"Ralph Lauren","straight","men","Hampton Straight","100% cotton",89.5,24,24,8,17.5,14.5,17,15,15,12.5,"FALSE",0,"straight","men - straight","$50 - $99",12792.5982,5644.0188,51.8261,101.7335,53.1226,106.2452,15,c(39.919, 91.2315, 63.7332, 12.4208, 39.919, 43.5465, 57.2956, 159.9206, 146.1714, 43.5465),17.6063,8.8032,2455.4873,57.4678,83.2195,15.67,156.6999,-30,c(11.5075, 25.0781, 103.4281, 89.8575, 11.5075, 19.2839, 11.4489, 147.1551, 154.9901, 19.2839),25.9674,2.5967,8516.5232,62.8017,110.2537,82.5422,103.1778,90,c(114.3906, 114.3906, 11.2128, 11.2128, 114.3906, 68.9826, 151.5248, 151.5248, 68.9826, 68.9826),6269.3121,52.4824,100.762,59.7788,104.8751,-170,c(72.812, 13.9414, 32.1528, 91.0234, 72.812, 157.5931, 147.2127, 43.9308, 54.3113, 157.5931),17.3793,9.9062,8516.5232,62.8017,110.2537,82.5422,103.1778,90,c(114.3906, 114.3906, 11.2128, 11.2128, 114.3906, 68.9826, 151.5248, 151.5248, 68.9826, 68.9826),17.098,13.6784
"Ralph Lauren","slim","men","Varick Slim Straight","100% cotton",89.5,23,23,7.5,15.5,14.5,16,14.2,15,13.5,"FALSE",0,"skinny","men - skinny","$50 - $99",10857.7151,5540.0219,46.796,96.0469,52.6309,105.2618,10,c(30.0196, 81.8509, 63.5723, 11.741, 30.0196, 39.6459, 48.7852, 152.4478, 143.3086, 39.6459),17.4434,8.7217,1960.808,56.7672,84.8755,14.0029,140.0289,-30,c(15.6966, 27.8235, 97.8379, 85.711, 15.6966, 27.7419, 20.7405, 142.009, 149.0105, 27.7419),23.2048,2.3205,7422.7066,56.7672,96.0327,77.0595,96.3244,10,c(27.1861, 103.0749, 86.3484, 10.4596, 27.1861, 41.9116, 55.2929, 150.1539, 136.7726, 41.9116),5898.6493,50.5668,97.4352,57.9847,101.7276,-170,c(70.2864, 13.1825, 30.8473, 87.9512, 70.2864, 152.5608, 142.4918, 42.3097, 52.3786, 152.5608),16.8577,9.6089,7422.7066,56.7672,96.0327,77.0595,96.3244,10,c(27.1861, 103.0749, 86.3484, 10.4596, 27.1861, 41.9116, 55.2929, 150.1539, 136.7726, 41.9116),15.9623,12.7699
"Tommy Hilfiger","slim","men","Slim","99% cotton, 1% elastane",59.5,25,16.5,7,17,15,15,12,12.5,11.5,"FALSE",0,"skinny","men - skinny","$50 - $99",11446.1056,5467.0968,40.792,96.551,52.2833,104.5667,5,c(19.3066, 71.3909, 62.2774, 10.193, 19.3066, 42.1882, 46.745, 150.9138, 146.357, 42.1882),17.3282,8.6641,1927.9068,17.6046,85.3938,13.8849,138.8491,0,c(10.6621, 24.547, 24.547, 10.6621, 10.6621, 15.9692, 15.9692, 154.8183, 154.8183, 15.9692),23.0093,2.3009,6101.2468,61.2931,88.4911,69.8641,87.3302,20,c(43.402, 109.0528, 79.1842, 13.5334, 43.402, 35.5118, 59.4068, 141.4703, 117.5754, 35.5118),5425.6191,58.1623,93.3107,55.6112,97.5635,-155,c(62.7467, 12.3459, 53.578, 103.9788, 62.7467, 149.2731, 125.7708, 37.3483, 60.8506, 149.2731),16.1677,9.2156,6101.2468,61.2931,88.4911,69.8641,87.3302,20,c(43.402, 109.0528, 79.1842, 13.5334, 43.402, 35.5118, 59.4068, 141.4703, 117.5754, 35.5118),14.4719,11.5775
"Tommy Hilfiger","boot-cut","men","Bootcut","100% cotton",59.5,22.5,22.5,6.7,18.2,14.5,17,14,13,13,"FALSE",0,"straight","men - straight","$50 - $99",12599.1005,5715.7266,64.9138,90.531,53.459,106.918,90,c(118.3728, 118.3728, 11.4548, 11.4548, 118.3728, 63.8015, 117.2605, 117.2605, 63.8015, 63.8015),17.7178,8.8589,2209.7606,54.1062,79.1479,14.8653,148.6526,-30,c(10.5062, 23.3799, 97.7062, 84.8325, 10.5062, 18.4958, 11.0631, 139.8001, 147.2327, 18.4958),24.6339,2.4634,9305.6248,64.9138,98.5744,86.2815,107.8519,90,c(118.8397, 118.8397, 10.9878, 10.9878, 118.8397, 55.4336, 141.7151, 141.7151, 55.4336, 55.4336),5997.0106,49.0333,93.6945,58.4662,102.5723,-170,c(68.9166, 11.3386, 29.1501, 86.728, 68.9166, 149.2778, 139.1252, 38.1113, 48.2638, 149.2778),16.9977,9.6887,9305.6248,64.9138,98.5744,86.2815,107.8519,90,c(118.8397, 118.8397, 10.9878, 10.9878, 118.8397, 55.4336, 141.7151, 141.7151, 55.4336, 55.4336),17.8726,14.2981
"True Religion","slim","men","Geno Slim","98% cotton, 2% elastane",159,26.2,13.5,7.7,15.2,13.5,15,12.5,13,11,"TRUE",0,"skinny","men - skinny","$150+",11203.1374,6848.2986,53.1427,108.5037,58.5162,117.0325,0,c(23.8846, 82.4008, 82.4008, 23.8846, 23.8846, 49.9874, 49.9874, 167.0199, 167.0199, 49.9874),19.394,9.697,2171.1866,18.0835,89.0517,14.7349,147.3495,0,c(10.716, 25.451, 25.451, 10.716, 10.716, 15.377, 15.377, 162.7265, 162.7265, 15.377),24.4179,2.4418,6969.9686,51.5151,104.1425,74.6725,93.3406,5,c(18.3885, 92.7768, 84.6417, 10.2534, 18.3885, 54.3958, 60.9039, 153.8893, 147.3812, 54.3958),7530.439,52.4118,105.6048,65.516,114.9404,-170,c(74.6926, 10.1719, 30.1311, 94.6518, 74.6926, 167.8902, 156.5135, 43.3193, 54.696, 167.8902),19.0473,10.8569,6969.9686,51.5151,104.1425,74.6725,93.3406,5,c(18.3885, 92.7768, 84.6417, 10.2534, 18.3885, 54.3958, 60.9039, 153.8893, 147.3812, 54.3958),15.4679,12.3743
"True Religion","straight","men","Ricky Relaxed Straight","98% cotton, 2% elastane",179,21,14,7,16.5,13,16,13,13.5,11,"TRUE",0,"straight","men - straight","$150+",9625.4688,4301.6449,59.7845,75.5951,46.377,92.7539,90,c(106.1614, 106.1614, 13.4075, 13.4075, 106.1614, 52.4066, 98.7836, 98.7836, 52.4066, 52.4066),15.3706,7.6853,1781.8186,49.4159,73.3621,13.3485,133.4848,-30,c(10.2647, 21.8248, 88.5672, 77.007, 10.2647, 18.8986, 12.2243, 127.8256, 134.4998, 18.8986),22.1203,2.212,5753.1881,58.1214,86.2004,67.8421,84.8026,15,c(36.3304, 101.8609, 79.9123, 14.3819, 36.3304, 36.4645, 54.0233, 135.9363, 118.3775, 36.4645),4520.6261,42.7803,85.7798,50.7618,89.0557,-170,c(60.0434, 10.0529, 25.5172, 75.5078, 60.0434, 134.0386, 125.2239, 37.5211, 46.3358, 134.0386),14.7578,8.4119,5753.1881,58.1214,86.2004,67.8421,84.8026,15,c(36.3304, 101.8609, 79.9123, 14.3819, 36.3304, 36.4645, 54.0233, 135.9363, 118.3775, 36.4645),14.053,11.2424
"Uniqlo","skinny","men","Skinny Ultra Stretch","90% cotton, 8% polyester, 2% spandex",49.9,22.5,22.5,7,15.5,13,14.5,12,13,10.5,"FALSE",0,"skinny","men - skinny","< $50",10783.8924,5005.6478,44.7576,93.4142,50.0282,100.0565,10,c(28.8108, 78.079, 60.7044, 11.4362, 28.8108, 39.8024, 48.4897, 147.0261, 138.3388, 39.8024),16.5808,8.2904,2206.4814,54.3331,78.4434,14.8542,148.5423,-30,c(10.7654, 23.6296, 97.9007, 85.0366, 10.7654, 17.8362, 10.4091, 139.0505, 146.4776, 17.8362),24.6156,2.4616,7324.2167,56.7672,93.7957,76.5465,95.6832,10,c(27.383, 102.7667, 86.1515, 10.7678, 27.383, 40.0349, 53.327, 147.5566, 134.2644, 40.0349),5717.0954,48.311,94.7219,57.0854,100.1498,-170,c(67.7246, 11.5065, 28.8973, 85.1155, 67.7246, 148.9925, 139.0797, 40.4514, 50.3641, 148.9925),16.5963,9.4599,7324.2167,56.7672,93.7957,76.5465,95.6832,10,c(27.383, 102.7667, 86.1515, 10.7678, 27.383, 40.0349, 53.327, 147.5566, 134.2644, 40.0349),15.8561,12.6849
"Uniqlo","regular","men","Regular","100% cotton",49.9,21.5,21.5,7.5,16,13,15,12.5,14,11.5,"FALSE",0,"straight","men - straight","< $50",10452.4111,4771.2424,58.2759,89.85,48.8428,97.6856,-35,c(10.2559, 50.2656, 106.2958, 66.2861, 10.2559, 63.8479, 35.8328, 115.8522, 143.8672, 63.8479),16.1879,8.094,1969.0761,58.0472,75.4656,14.0324,140.3238,-30,c(16.8901, 29.0425, 99.2044, 87.052, 16.8901, 18.2117, 11.1955, 132.7195, 139.7356, 18.2117),23.2537,2.3254,7269.8861,58.2759,97.0963,76.2621,95.3276,90,c(105.9397, 105.9397, 10.612, 10.612, 105.9397, 58.9652, 135.2273, 135.2273, 58.9652, 58.9652),4777.5899,49.8852,93.3357,52.1845,91.5518,-165,c(63.2407, 12.8343, 36.5296, 86.936, 63.2407, 144.305, 130.7986, 42.3664, 55.8727, 144.305),15.1714,8.6477,7269.8861,58.2759,97.0963,76.2621,95.3276,90,c(105.9397, 105.9397, 10.612, 10.612, 105.9397, 58.9652, 135.2273, 135.2273, 58.9652, 58.9652),15.7972,12.6377
"Wrangler","slim","men","Slim Fit","98% cotton, 2% spandex",58,27.5,19,9.2,17.5,13,17,14,13,12.5,"FALSE",0,"skinny","men - skinny","$50 - $99",13079.606,5875.7982,45.3178,104.4689,54.2024,108.4048,5,c(23.0438, 77.0399, 67.5918, 13.5957, 23.0438, 48.1107, 52.8348, 160.827, 156.103, 48.1107),17.9642,8.9821,2322.3428,25.0311,92.9371,15.2392,152.3923,5,c(24.0814, 39.2626, 25.9808, 10.7995, 24.0814, 16.3668, 17.695, 169.5074, 168.1792, 16.3668),25.2536,2.5254,6773.1808,62.8017,99.225,73.6108,92.0135,25,c(48.888, 115.602, 76.7154, 10.0014, 48.888, 41.9741, 73.0834, 156.4759, 125.3666, 41.9741),6300.1484,48.501,105.8797,59.9257,105.1327,-175,c(73.7684, 14.0707, 23.2337, 82.9313, 73.7684, 160.8575, 155.6346, 50.902, 56.1248, 160.8575),17.422,9.9305,6773.1808,62.8017,99.225,73.6108,92.0135,25,c(48.888, 115.602, 76.7154, 10.0014, 48.888, 41.9741, 73.0834, 156.4759, 125.3666, 41.9741),15.2479,12.1984
"Wrangler","boot-cut","men","Regular Fit","99% cotton, 1% spandex",48,28,15.5,9,13,12,16.7,13.5,14.5,14,"FALSE",0,"straight","men - straight","< $50",9407.0913,4869.4745,35.0752,101.3565,49.3431,98.6861,0,c(10.4037, 59.7467, 59.7467, 10.4037, 10.4037, 52.0134, 52.0134, 150.6995, 150.6995, 52.0134),16.3537,8.1768,2340.6076,19.6802,96.6642,15.299,152.9904,0,c(12.0307, 27.3298, 27.3298, 12.0307, 12.0307, 20.169, 20.169, 173.1594, 173.1594, 20.169),25.3527,2.5353,4576.7006,49.1284,93.4231,60.5092,75.6365,15,c(29.6928, 88.1402, 68.564, 10.1167, 29.6928, 49.063, 64.7239, 137.7831, 122.1222, 49.063),4657.2604,47.6634,99.5253,51.5232,90.3915,-165,c(60.8497, 11.0821, 34.4772, 84.2447, 60.8497, 149.8487, 136.5135, 49.202, 62.5372, 149.8487),14.9792,8.5381,4576.7006,49.1284,93.4231,60.5092,75.6365,15,c(29.6928, 88.1402, 68.564, 10.1167, 29.6928, 49.063, 64.7239, 137.7831, 122.1222, 49.063),12.534,10.0272
"7 for All Mankind","skinny","women","The Ankle Skinny","89% cottton, 9% polyester, 2% spandex",199,13,13.5,6,15,12.5,16.5,13.7,12.5,11.5,"FALSE",0,"skinny","women - skinny","$150+",5557.2185,3628.1575,55.1168,66.0444,42.592,85.184,-85,c(10.8308, 14.5429, 99.4028, 95.6906, 10.8308, 83.5473, 41.1173, 48.5416, 90.9715, 83.5473),14.1162,7.0581,1176.0718,55.2586,52.5931,10.8447,108.4468,-50,c(10.2357, 17.2065, 100.2816, 93.3108, 10.2357, 21.8927, 13.5852, 83.2935, 91.601, 21.8927),17.9712,1.7971,3016.093,48.6141,64.1693,49.121,61.4013,-80,c(14.115, 22.6448, 83.1133, 74.5835, 14.115, 83.0255, 34.6508, 45.313, 93.6878, 83.0255),1710.7578,36.9494,61.0555,31.2271,54.7844,-160,c(42.2527, 12.9088, 31.6462, 60.99, 42.2527, 92.1359, 81.4556, 29.9751, 40.6554, 92.1359),9.0786,5.1748,3016.093,48.6141,64.1693,49.121,61.4013,-80,c(14.115, 22.6448, 83.1133, 74.5835, 14.115, 83.0255, 34.6508, 45.313, 93.6878, 83.0255),10.1751,8.1401
"7 for All Mankind","straight","women","Bootcut","45% rayon, 30% cotton, 25% polyester",159,14,13.5,7,15,11.5,15.5,14,12.5,12,"FALSE",0,"straight","women - straight","$150+",5811.1118,3134.2163,55.2586,61.1413,39.5867,79.1734,-70,c(11.2895, 24.829, 99.2277, 85.6882, 11.2895, 66.2015, 29.0022, 56.0811, 93.2804, 66.2015),13.1202,6.5601,1138.7755,54.4736,54.4617,10.6713,106.7134,-50,c(10.1703, 17.0297, 98.7769, 91.9175, 10.1703, 24.252, 16.0773, 84.6714, 92.8461, 24.252),17.6839,1.7684,2938.1821,46.4931,67.6982,48.4824,60.603,-80,c(12.4425, 20.8614, 80.5437, 72.1248, 12.4425, 86.3093, 38.5635, 49.0871, 96.8329, 86.3093),2075.7667,37.0604,65.2534,34.3975,60.3465,-160,c(42.902, 10.579, 31.2187, 63.5417, 42.902, 99.4893, 87.7246, 31.0175, 42.7822, 99.4893),10.0003,5.7002,2938.1821,46.4931,67.6982,48.4824,60.603,-80,c(12.4425, 20.8614, 80.5437, 72.1248, 12.4425, 86.3093, 38.5635, 49.0871, 96.8329, 86.3093),10.0428,8.0342
"Abercrombie","straight","women","Simone High Rise Ankle Straight","99% cotton, 1% elastane",78,18,12,6,18.5,12.5,16,14,14,12,"FALSE",0,"straight","women - straight","$50 - $99",8757.5784,4170.2242,60.2484,73.8761,45.663,91.3261,85,c(103.7478, 107.7276, 16.7491, 12.7693, 103.7478, 47.1517, 92.6409, 100.6005, 55.1112, 47.1517),15.134,7.567,1149.4762,65.819,86.9841,10.7214,107.2136,70,c(114.3594, 118.0264, 17.2785, 13.6116, 114.3594, 63.6121, 73.6869, 110.3561, 100.2813, 63.6121),17.7668,1.7767,4333.7534,49.6845,74.8501,58.8813,73.6016,-85,c(10.4578, 15.5896, 88.9111, 83.7793, 10.4578, 100.9713, 42.3141, 48.7289, 107.3861, 100.9713),3196.3763,43.0189,76.521,42.6841,74.8844,-160,c(50.2679, 10.1579, 35.7699, 75.8799, 50.2679, 119.0046, 104.4057, 34.0374, 48.6362, 119.0046),12.4094,7.0734,4333.7534,49.6845,74.8501,58.8813,73.6016,-85,c(10.4578, 15.5896, 88.9111, 83.7793, 10.4578, 100.9713, 42.3141, 48.7289, 107.3861, 100.9713),12.1968,9.7575
"Abercrombie","skinny","women","Simone High Rise Slim","99% cotton, 1% elastane",88,21.5,17,5.5,15.5,12.5,16,13.5,12.5,12,"FALSE",0,"skinny","women - skinny","$50 - $99",9688.4832,4493.3296,44.6472,86.7865,47.399,94.798,5,c(25.1689, 72.3876, 64.1254, 16.9068, 25.1689, 37.5023, 41.6334, 136.0707, 131.9396, 37.5023),15.7094,7.8547,1575.7273,39.5674,73.4915,12.5528,125.528,-20,c(12.2029, 23.9987, 66.9318, 55.136, 12.2029, 16.6593, 12.3659, 130.3237, 134.617, 16.6593),20.8018,2.0802,6041.4665,56.7672,79.0481,69.521,86.9013,90,c(100.2179, 100.2179, 13.3166, 13.3166, 100.2179, 44.2876, 113.8086, 113.8086, 44.2876, 44.2876),5135.1093,41.1236,86.1873,54.1019,94.9156,-175,c(63.9354, 10.0394, 18.3118, 72.2078, 63.9354, 135.8221, 131.1068, 36.5524, 41.2677, 135.8221),15.7289,8.9655,6041.4665,56.7672,79.0481,69.521,86.9013,90,c(100.2179, 100.2179, 13.3166, 13.3166, 100.2179, 44.2876, 113.8086, 113.8086, 44.2876, 44.2876),14.4008,11.5206
"American Eagle","boot-cut","women","Super Stretch Kick Boot","94% cotton, 5% polyester, 1% elastane",39.95,16,15,5.5,13.5,11,15,12.5,13,11,"FALSE",0,"straight","women - straight","< $50",6408.5873,3110.556,50.7328,67.7162,39.437,78.874,90,c(90.1698, 90.1698, 11.2957, 11.2957, 90.1698, 47.9977, 87.4347, 87.4347, 47.9977, 47.9977),13.0706,6.5353,1147.0396,46.739,57.3535,10.71,107.0999,-35,c(11.6374, 20.4105, 81.8405, 73.0674, 11.6374, 16.5594, 10.4164, 98.1475, 104.2905, 16.5594),17.748,1.7748,4308.7128,50.7731,72.3803,58.7109,73.3886,90,c(87.4674, 87.4674, 14.0788, 14.0788, 87.4674, 43.0249, 101.7358, 101.7358, 43.0249, 43.0249),2839.6663,39.4947,71.2938,40.2319,70.5824,-165,c(49.7912, 10.9301, 29.1982, 68.0592, 49.7912, 110.5889, 100.1761, 31.9987, 42.4115, 110.5889),11.6965,6.667,4308.7128,50.7731,72.3803,58.7109,73.3886,90,c(87.4674, 87.4674, 14.0788, 14.0788, 87.4674, 43.0249, 101.7358, 101.7358, 43.0249, 43.0249),12.1615,9.7292
"American Eagle","skinny","women","Ne(x)t Level Stretch Skinny","71% cotton, 21% viscose, 7% polyester, 1% spandex",39.95,19,17,6.5,14,11,15,13,12.5,10.5,"FALSE",0,"skinny","women - skinny","< $50",7834.5785,3631.1251,52.2414,78.8723,42.6094,85.2188,-35,c(10.3498, 45.2534, 94.1329, 59.2293, 10.3498, 56.1886, 31.7488, 101.556, 125.9957, 56.1886),14.122,7.061,1289.8374,32.7323,69.0205,11.3571,113.571,-15,c(12.55, 23.5201, 52.9145, 41.9444, 12.55, 15.6396, 12.7002, 122.4013, 125.3408, 15.6396),18.8203,1.882,5189.0863,52.2414,81.1952,64.4303,80.5379,90,c(92.5103, 92.5103, 11.9724, 11.9724, 92.5103, 48.9801, 113.4104, 113.4104, 48.9801, 48.9801),3905.4244,40.8735,81.4352,47.1815,82.7745,-170,c(56.919, 10.4543, 24.828, 71.2926, 56.919, 126.2902, 118.0972, 36.5802, 44.7732, 126.2902),13.7169,7.8186,5189.0863,52.2414,81.1952,64.4303,80.5379,90,c(92.5103, 92.5103, 11.9724, 11.9724, 92.5103, 48.9801, 113.4104, 113.4104, 48.9801, 48.9801),13.3463,10.677
"Arizona","straight","women","Perfect Boot","78% cotton, 20% polyester, 2% spandex",42,14.5,14,6.5,16,12.5,15.5,12.2,13,11.2,"FALSE",0,"straight","women - straight","< $50",6510.0585,4155.2634,58.2759,67.8844,45.581,91.1621,-85,c(10.8819, 14.8546, 105.6698, 101.6971, 10.8819, 86.6155, 41.2079, 49.1532, 94.5608, 86.6155),15.1069,7.5534,1334.1919,58.2759,53.8007,11.5507,115.5072,-50,c(10.3217, 17.7464, 106.23, 98.8054, 10.3217, 21.1016, 12.2533, 86.4999, 95.3482, 21.1016),19.1412,1.9141,3227.9335,46.4185,68.3361,50.8168,63.521,-80,c(10.7283, 19.5526, 82.1086, 73.2843, 10.7283, 87.8433, 37.7985, 48.8288, 98.8736, 87.8433),2157.2613,40.5645,67.3892,35.0662,61.5197,-165,c(49.539, 15.6676, 31.5901, 65.4614, 49.539, 101.6388, 92.563, 33.1396, 42.2154, 101.6388),10.1947,5.811,3227.9335,46.4185,68.3361,50.8168,63.521,-80,c(10.7283, 19.5526, 82.1086, 73.2843, 10.7283, 87.8433, 37.7985, 48.8288, 98.8736, 87.8433),10.5263,8.4211
"Arizona","skinny","women","Fave Super Skinny","78% cotton, 20% polyester, 2% spandex",42,14.5,15,6.5,16.5,13,15,12.2,13.7,12,"FALSE",0,"skinny","women - skinny","< $50",6875.2947,4561.8203,59.7845,73.5894,47.7589,95.5178,90,c(107.5434, 107.5434, 12.0256, 12.0256, 107.5434, 49.7099, 97.4688, 97.4688, 49.7099, 49.7099),15.8287,7.9143,1426.3272,59.7845,54.0582,11.9429,119.4289,-50,c(10.2022, 17.8789, 109.3668, 101.69, 10.2022, 20.2489, 11.1001, 87.8675, 97.0163, 20.2489),19.7911,1.9791,3701.7581,50.9745,69.5818,54.4188,68.0235,-80,c(12.7546, 22.2043, 89.1944, 79.7447, 12.7546, 90.4718, 36.8797, 48.6919, 102.2839, 90.4718),2176.7998,38.5377,66.5961,35.2246,61.7976,-160,c(44.5198, 11.4195, 32.5555, 65.6559, 44.5198, 101.6552, 89.6077, 31.5369, 43.5845, 101.6552),10.2408,5.8372,3701.7581,50.9745,69.5818,54.4188,68.0235,-80,c(12.7546, 22.2043, 89.1944, 79.7447, 12.7546, 90.4718, 36.8797, 48.6919, 102.2839, 90.4718),11.2725,9.018
"Buckle Black","boot-cut","women","Fit No. 76 Bootcut Mid-Rise Curvy","92% cotton, 6% polyester, 2% spandex",89.95,15,14,7,16,13.5,14.5,13,13.5,11,"FALSE",0,"straight","women - straight","$50 - $99",6528.0599,3851.2708,58.2759,69.9224,43.8821,87.7641,-85,c(12.6485, 16.4731, 103.9032, 100.0787, 12.6485, 87.9554, 44.2403, 51.8894, 95.6045, 87.9554),14.5438,7.2719,1340.6827,58.2359,54.027,11.5788,115.7879,-50,c(10.1652, 17.6079, 106.3065, 98.8638, 10.1652, 21.2484, 12.3785, 86.8055, 95.6754, 21.2484),19.1877,1.9188,3205.2224,45.9544,70.2888,50.6377,63.2971,-80,c(10.3901, 19.1832, 81.5188, 72.7256, 10.3901, 89.7273, 39.8589, 50.8503, 100.7187, 89.7273),2284.19,37.838,68.7016,36.0831,63.3036,-160,c(43.966, 10.059, 31.7101, 65.6171, 43.966, 104.6151, 92.274, 32.788, 45.1292, 104.6151),10.4903,5.9795,3205.2224,45.9544,70.2888,50.6377,63.2971,-80,c(10.3901, 19.1832, 81.5188, 72.7256, 10.3901, 89.7273, 39.8589, 50.8503, 100.7187, 89.7273),10.4892,8.3914
"Buckle Black","skinny","women","Fit No. 53 Straight Mid-Rise Slim","98% cotton, 2% elastane",92.95,14.5,13.5,6,16,13,14,12.5,14,11.5,"FALSE",0,"skinny","women - skinny","$50 - $99",6470.6276,4099.2268,56.3704,69.1509,45.2727,90.5453,90,c(101.6431, 101.6431, 11.0978, 11.0978, 101.6431, 46.5146, 91.7872, 91.7872, 46.5146, 46.5146),15.0047,7.5023,1135.898,58.4074,51.5154,10.6579,106.5785,-45,c(16.958, 24.4943, 99.8567, 92.3204, 16.958, 17.6023, 10.066, 85.4284, 92.9647, 17.6023),17.6616,1.7662,3260.1651,46.4547,67.9953,51.0699,63.8373,-80,c(10.5868, 19.455, 82.3225, 73.4544, 10.5868, 87.5997, 37.3057, 48.3909, 98.6849, 87.5997),2207.7427,39.119,66.7224,35.4741,62.2353,-165,c(48.1979, 13.9325, 30.0402, 64.3055, 48.1979, 101.3704, 92.1891, 32.0744, 41.2558, 101.3704),10.3133,5.8786,3260.1651,46.4547,67.9953,51.0699,63.8373,-80,c(10.5868, 19.455, 82.3225, 73.4544, 10.5868, 87.5997, 37.3057, 48.3909, 98.6849, 87.5997),10.5788,8.463
"Calvin Klein","skinny","women","Midrise Skinny","98% cotton, 2% elastane",79.5,12,12,6.5,14.5,12,16.5,13.7,13,12,"FALSE",0,"skinny","women - skinny","$50 - $99",4702.0284,2557.0723,53.75,60.3192,35.7566,71.5132,-80,c(15.4321, 21.6411, 92.0679, 85.8589, 15.4321, 71.7168, 36.5034, 48.9215, 84.1349, 71.7168),11.8508,5.9254,915.4371,48.103,47.4848,9.5678,95.6785,-45,c(10.8928, 17.6583, 85.3132, 78.5477, 10.8928, 17.0401, 10.2746, 77.9295, 84.695, 17.0401),15.8553,1.5855,2214.5299,41.0746,59.3585,42.0907,52.6133,-75,c(10.2173, 21.1112, 71.9318, 61.0379, 10.2173, 72.878, 32.2216, 45.8389, 86.4954, 72.878),1405.6991,34.5059,57.9549,28.3063,49.6602,-155,c(36.8394, 11.1851, 32.1725, 57.8267, 36.8394, 86.44, 74.4772, 29.4698, 41.4325, 86.44),8.2294,4.6908,2214.5299,41.0746,59.3585,42.0907,52.6133,-75,c(10.2173, 21.1112, 71.9318, 61.0379, 10.2173, 72.878, 32.2216, 45.8389, 86.4954, 72.878),8.7188,6.975
"Calvin Klein","straight","women","Straight","85% cotton, 13% poly, 2% elastane",69.5,14,11.2,6.5,15.5,12,15,12,14,12.5,"FALSE",0,"straight","women - straight","$50 - $99",5626.3245,2659.5895,53.5879,66.1196,36.4664,72.9327,90,c(90.0543, 90.0543, 17.1216, 17.1216, 90.0543, 47.8864, 84.3528, 84.3528, 47.8864, 47.8864),12.086,6.043,987.6054,51.7207,47.8456,9.9378,99.3783,-50,c(10.4626, 16.8505, 92.9788, 86.5909, 10.4626, 19.7124, 12.0996, 75.9788, 83.5916, 19.7124),16.4684,1.6468,2610.3916,47.8262,60.432,45.6981,57.1226,-55,c(11.3245, 37.5358, 84.3279, 58.1166, 11.3245, 62.7668, 25.3331, 58.0973, 95.5309, 62.7668),1876.7311,35.5803,63.954,32.7068,57.3804,-160,c(41.1349, 10.4005, 30.0258, 60.7601, 41.1349, 96.5071, 85.3207, 31.4008, 42.5872, 96.5071),9.5088,5.42,2610.3916,47.8262,60.432,45.6981,57.1226,-55,c(11.3245, 37.5358, 84.3279, 58.1166, 11.3245, 62.7668, 25.3331, 58.0973, 95.5309, 62.7668),9.466,7.5728
"Express","skinny","women","Skinny Midrise","75% cotton, 24% polyester, 1% spandex",79.9,15.7,12,6.5,16,13,16.5,12.5,14,13,"FALSE",0,"skinny","women - skinny","$50 - $99",6544.8138,2959.2326,49.7066,70.042,38.4658,76.9316,90,c(88.1724, 88.1724, 11.2408, 11.2408, 88.1724, 50.8091, 89.2749, 89.2749, 50.8091, 50.8091),12.7487,6.3743,1070.723,50.3291,50.8593,10.3476,103.4757,-45,c(10.0864, 17.4033, 90.5717, 83.2548, 10.0864, 17.9335, 10.6167, 83.7851, 91.1019, 17.9335),17.1474,1.7147,3383.8291,45.3859,69.9951,52.0294,65.0368,-85,c(10.7239, 15.2585, 80.0479, 75.5132, 10.7239, 93.0766, 41.2452, 46.9135, 98.745, 93.0766),2507.9989,37.406,69.7371,37.8095,66.3325,-165,c(47.0825, 10.5613, 27.7294, 64.2506, 47.0825, 106.6661, 96.8803, 32.808, 42.5939, 106.6661),10.9922,6.2656,3383.8291,45.3859,69.9951,52.0294,65.0368,-85,c(10.7239, 15.2585, 80.0479, 75.5132, 10.7239, 93.0766, 41.2452, 46.9135, 98.745, 93.0766),10.7775,8.622
"Express","straight","women","Barely Boot Midrise","75% cotton, 24% polyester, 1% spandex",79.9,15.5,14.2,7,15.2,12.5,15.5,12.2,15,13,"FALSE",0,"straight","women - straight","$50 - $99",6496.1196,3910.6888,55.8621,74.0963,44.2193,88.4386,90,c(100.0813, 100.0813, 11.6428, 11.6428, 100.0813, 51.9867, 96.2059, 96.2059, 51.9867, 51.9867),14.6555,7.3278,1248.0185,54.2394,53.4813,11.1715,111.7147,-45,c(10.7925, 18.692, 97.6862, 89.7868, 10.7925, 17.9339, 10.0345, 89.0288, 96.9282, 17.9339),18.5127,1.8513,3432.4979,47.0556,71.537,52.4023,65.5028,-80,c(10.252, 19.3516, 83.8593, 74.7597, 10.252, 91.6529, 40.0467, 51.4212, 103.0274, 91.6529),2387.0656,38.6983,70.0854,36.8867,64.7135,-160,c(44.9627, 10.3005, 32.4338, 67.096, 44.9627, 106.7988, 94.1828, 33.372, 45.988, 106.7988),10.7239,6.1127,3432.4979,47.0556,71.537,52.4023,65.5028,-80,c(10.252, 19.3516, 83.8593, 74.7597, 10.252, 91.6529, 40.0467, 51.4212, 103.0274, 91.6529),10.8548,8.6838
"Gap","boot-cut","women","Perfect Boot","87% cotton, 12% polyester, 1% spandex",69.95,14,9.5,4.5,12,11,15,12,13.5,11,"FALSE",0,"straight","women - straight","$50 - $99",4454.429,2101.3588,46.2069,54.0466,32.4142,64.8284,90,c(78.6211, 78.6211, 13.7927, 13.7927, 78.6211, 37.8395, 70.2537, 70.2537, 37.8395, 37.8395),10.743,5.3715,638.0871,46.2069,63.9053,7.988,79.8804,55,c(76.6331, 81.2149, 15.7807, 11.1989, 76.6331, 37.7248, 44.2683, 90.0857, 83.5423, 37.7248),13.2373,1.3237,2399.7417,44.2505,54.6713,43.8154,54.7693,-65,c(10.173, 28.6902, 78.328, 59.8108, 10.173, 62.9532, 23.2429, 46.3894, 86.0997, 62.9532),1957.2066,32.0359,62.2248,33.4007,58.5977,-170,c(43.3948, 10.5015, 20.6769, 53.5702, 43.3948, 93.9786, 88.1786, 30.4711, 36.271, 93.9786),9.7105,5.535,2399.7417,44.2505,54.6713,43.8154,54.7693,-65,c(10.173, 28.6902, 78.328, 59.8108, 10.173, 62.9532, 23.2429, 46.3894, 86.0997, 62.9532),9.0761,7.2608
"Gap","skinny","women","True Skinny Mid-Rise","87% cotton, 12% polyester, 1% spandex",69.95,13,12,5,12.5,11.5,15.5,12.5,13,10.5,"FALSE",0,"skinny","women - skinny","$50 - $99",4612.939,2655.864,47.7155,58.5493,36.4408,72.8816,90,c(84.1563, 84.1563, 11.2747, 11.2747, 84.1563, 40.3289, 76.7697, 76.7697, 40.3289, 40.3289),12.0775,6.0388,859.5931,46.274,47.2675,9.2714,92.7142,-45,c(10.2166, 16.7725, 82.3313, 75.7755, 10.2166, 17.766, 11.2101, 76.7689, 83.3248, 17.766),15.3641,1.5364,2888.2042,42.1995,61.7758,48.0683,60.0854,-85,c(10.1764, 14.3658, 74.2226, 70.0331, 10.1764, 83.1001, 35.2147, 40.4515, 88.3369, 83.1001),1983.8386,33.9689,60.1251,33.6272,58.9951,-165,c(42.575, 10.0937, 25.3627, 57.8441, 42.575, 92.9692, 84.2658, 27.281, 35.9843, 92.9692),9.7763,5.5725,2888.2042,42.1995,61.7758,48.0683,60.0854,-85,c(10.1764, 14.3658, 74.2226, 70.0331, 10.1764, 83.1001, 35.2147, 40.4515, 88.3369, 83.1001),9.957,7.9656
"Guess","straight","women","Tailored Mini Boot","51% cotton, 36% rayon, 12% polyester, 1% spandex",89,12.5,12,7.5,14,11.5,14.5,11.5,13.5,13,"FALSE",0,"straight","women - straight","$50 - $99",4572.5716,2241.5718,52.2414,57.5429,33.4781,66.9563,-65,c(14.8256, 28.9741, 89.6571, 75.5086, 14.8256, 58.5652, 28.2237, 56.5206, 86.8621, 58.5652),11.0956,5.5478,1014.9635,52.2414,46.3179,10.0745,100.7454,-50,c(10.4158, 16.8915, 94.067, 87.5912, 10.4158, 17.7978, 10.0802, 74.8381, 82.5557, 17.7978),16.695,1.6695,2307.1032,41.7178,61.8965,42.9614,53.7018,-75,c(10.2222, 21.3415, 73.2134, 62.0942, 10.2222, 75.6958, 34.1982, 48.0973, 89.5948, 75.6958),1464.0527,33.9782,60.0104,28.8879,50.6805,-155,c(36.3596, 10.1783, 31.5968, 57.7781, 36.3596, 89.0808, 76.8722, 30.9401, 43.1486, 89.0808),8.3985,4.7871,2307.1032,41.7178,61.8965,42.9614,53.7018,-75,c(10.2222, 21.3415, 73.2134, 62.0942, 10.2222, 75.6958, 34.1982, 48.0973, 89.5948, 75.6958),8.8991,7.1193
"Guess","skinny","women","Power Stretch Skinny","56% cotton, 28% modal, 14% spandex, 2% elastane",98,11.5,11.5,6,14.5,12.5,14.7,11.5,12.5,12,"FALSE",0,"skinny","women - skinny","$50 - $99",4490.844,2567.6675,51.1497,60.4446,35.8306,71.6613,-85,c(13.894, 17.0169, 88.4054, 85.2826, 13.894, 75.1689, 39.4746, 45.7203, 81.4146, 75.1689),11.8753,5.9376,926.7571,50.5584,46.5379,9.6268,96.2682,-50,c(10.5916, 16.7796, 90.5253, 84.3373, 10.5916, 19.2852, 11.9106, 73.7906, 81.1652, 19.2852),15.953,1.5953,2105.9216,40.9872,57.5981,41.0456,51.3069,-75,c(10.8961, 21.5195, 71.0782, 60.4548, 10.8961, 70.782, 31.1351, 44.4143, 84.0612, 70.782),1357.3289,33.1702,55.2034,27.8151,48.7983,-160,c(37.894, 11.7564, 28.4465, 54.5841, 37.894, 82.8878, 73.3745, 27.5191, 37.0324, 82.8878),8.0866,4.6094,2105.9216,40.9872,57.5981,41.0456,51.3069,-75,c(10.8961, 21.5195, 71.0782, 60.4548, 10.8961, 70.782, 31.1351, 44.4143, 84.0612, 70.782),8.5023,6.8018
"H&M","straight","women","Vintage Fit High Waist","71% cotton, 19% polyester, 9% viscose, 1% elastane",49.99,14.5,13,6.5,14,12,16,13.5,13,12,"FALSE",0,"straight","women - straight","< $50",5557.3309,3191.3275,51.4324,68.3646,39.9458,79.8915,90,c(91.3782, 91.3782, 11.4867, 11.4867, 91.3782, 48.3917, 88.3375, 88.3375, 48.3917, 48.3917),13.2392,6.6196,1061.5739,50.0931,50.1284,10.3033,103.0327,-45,c(10.0228, 17.3083, 90.1634, 82.8779, 10.0228, 17.3436, 10.058, 82.9132, 90.1987, 17.3436),17.074,1.7074,3140.9931,46.1723,67.7932,50.1278,62.6597,-85,c(12.7772, 17.1461, 79.5674, 75.1985, 12.7772, 90.0311, 40.0941, 45.5552, 95.4922, 90.0311),2140.0391,37.8741,66.3009,34.926,61.2736,-165,c(46.8126, 13.0767, 28.9355, 62.6714, 46.8126, 100.4135, 91.374, 32.1883, 41.2278, 100.4135),10.1539,5.7877,3140.9931,46.1723,67.7932,50.1278,62.6597,-85,c(12.7772, 17.1461, 79.5674, 75.1985, 12.7772, 90.0311, 40.0941, 45.5552, 95.4922, 90.0311),10.3836,8.3069
"H&M","skinny","women","Skinny Ankle High Waist","78% cotton, 19% polyester, 3% elastane",9.99,19,13.5,6.5,14.5,12,15,13,12.5,12,"FALSE",0,"skinny","women - skinny","< $50",7424.142,3318.0577,53.75,72.4971,40.7312,81.4624,90,c(94.4812, 94.4812, 13.0188, 13.0188, 94.4812, 52.1315, 92.8627, 92.8627, 52.1315, 52.1315),13.4995,6.7497,1120.8995,19.4984,67.6005,10.5873,105.8725,0,c(14.2048, 24.792, 24.792, 14.2048, 14.2048, 14.6643, 14.6643, 120.5368, 120.5368, 14.6643),17.5446,1.7545,4127.6388,53.75,69.554,57.464,71.83,-70,c(10.174, 29.8279, 97.326, 77.6721, 10.174, 84.2696, 30.2711, 54.8384, 108.8369, 84.2696),3389.2842,39.6038,79.1251,43.9533,77.111,-170,c(54.5514, 11.2659, 24.6561, 67.9416, 54.5514, 120.9111, 113.2787, 37.3391, 44.9715, 120.9111),12.7784,7.2837,4127.6388,53.75,69.554,57.464,71.83,-70,c(10.174, 29.8279, 97.326, 77.6721, 10.174, 84.2696, 30.2711, 54.8384, 108.8369, 84.2696),11.9033,9.5226
"J. Crew","straight","women","Vintage Straight","90% cotton, 8% polyester, 2% elastane",125,14,14.5,6,15.5,12.5,15,13,14.5,13,"FALSE",0,"straight","women - straight","$100 - $149",6307.4533,4092.9147,56.7672,69.1006,45.2378,90.4756,90,c(102.005, 102.005, 11.5295, 11.5295, 102.005, 46.4817, 91.7195, 91.7195, 46.4817, 46.4817),14.9931,7.4965,1089.419,56.3507,54.2196,10.4375,104.3752,-40,c(18.8074, 26.803, 93.8941, 85.8985, 18.8074, 17.5962, 10.887, 90.8431, 97.5522, 17.5962),17.2965,1.7296,3553.1478,47.7652,66.6545,53.3153,66.6441,-80,c(10.3203, 19.5784, 85.21, 75.9519, 10.3203, 87.1209, 34.6156, 46.1882, 98.6935, 87.1209),1990.1678,40.4257,65.2925,33.6808,59.0891,-160,c(46.1457, 14.4961, 34.7057, 66.3553, 46.1457, 98.8151, 87.2956, 31.77, 43.2895, 98.8151),9.7919,5.5814,3553.1478,47.7652,66.6545,53.3153,66.6441,-80,c(10.3203, 19.5784, 85.21, 75.9519, 10.3203, 87.1209, 34.6156, 46.1882, 98.6935, 87.1209),11.0439,8.8351
"J. Crew","skinny","women","8"" Tooth Pick","88% cotton, 8% polyester, 4% elastane",110,11.5,12,5.5,15,12,14.5,12,13.5,12,"FALSE",0,"skinny","women - skinny","$100 - $149",4865.7834,2938.0892,55.2586,60.4351,38.3281,76.6562,-85,c(15.4061, 18.7466, 95.1111, 91.7706, 15.4061, 76.1857, 38.0034, 44.6845, 82.8667, 76.1857),12.703,6.3515,1003.5178,52.6992,47.0778,10.0176,100.1757,-50,c(11.1101, 17.5493, 94.2883, 87.8492, 11.1101, 18.7189, 11.045, 75.4367, 83.1106, 18.7189),16.6006,1.6601,2359.5149,44.7067,58.8394,43.4467,54.3083,-80,c(14.1928, 21.7373, 75.2205, 67.6761, 14.1928, 75.5175, 32.7308, 42.1614, 84.948, 75.5175),1491.9537,33.7427,55.4438,29.1619,51.1611,-160,c(38.6953, 11.2921, 28.7902, 56.1934, 38.6953, 84.4686, 74.4947, 26.4189, 36.3929, 84.4686),8.4781,4.8325,2359.5149,44.7067,58.8394,43.4467,54.3083,-80,c(14.1928, 21.7373, 75.2205, 67.6761, 14.1928, 75.5175, 32.7308, 42.1614, 84.948, 75.5175),8.9997,7.1997
"Lee","skinny","women","Riders Midrise Skinny","55% cotton, 24% rayon, 19% polyester, 2% spandex",19.94,13.7,13,6,18.5,14.5,14.5,12.5,14,12.5,"FALSE",0,"skinny","women - skinny","< $50",6878.1495,3784.3746,65.819,69.2186,43.4993,86.9986,90,c(109.3182, 109.3182, 22.3197, 22.3197, 109.3182, 47.469, 90.9683, 90.9683, 47.469, 47.469),14.4169,7.2085,1418.7248,63.8649,51.5414,11.911,119.1102,-55,c(11.6643, 18.4962, 116.0656, 109.2337, 11.6643, 22.2605, 12.5035, 80.8224, 90.5793, 22.2605),19.7383,1.9738,3081.8718,48.1256,64.9734,49.6538,62.0672,-75,c(11.7237, 24.5751, 84.5274, 71.6761, 11.7237, 80.9222, 32.9604, 49.0246, 96.9864, 80.9222),2048.7044,36.8566,61.7959,34.1725,59.9518,-160,c(42.6601, 10.5484, 31.0532, 63.1648, 42.6601, 95.8079, 84.1202, 27.7839, 39.4716, 95.8079),9.9349,5.6629,3081.8718,48.1256,64.9734,49.6538,62.0672,-75,c(11.7237, 24.5751, 84.5274, 71.6761, 11.7237, 80.9222, 32.9604, 49.0246, 96.9864, 80.9222),10.2854,8.2283
"Lee","straight","women","Riders Midrise Straight","81% cotton, 17% polyester, 2% spandex",19.94,13.5,13,6.2,17,14,15,12.5,14.5,12.5,"FALSE",0,"straight","women - straight","< $50",6236.6351,3491.1249,54.2399,66.6497,41.7799,83.5599,-85,c(10.7982, 14.4396, 97.6815, 94.0401, 10.7982, 83.8189, 42.1979, 49.4806, 91.1016, 83.8189),13.8471,6.9235,1219.3239,56.4356,51.4843,11.0423,110.423,-50,c(10.5923, 17.6901, 102.279, 95.1812, 10.5923, 20.2244, 11.7656, 82.7441, 91.203, 20.2244),18.2987,1.8299,3077.9745,49.8246,65.769,49.6224,62.028,-80,c(14.9734, 23.5902, 84.6758, 76.059, 14.9734, 84.8177, 35.9492, 46.7203, 95.5888, 84.8177),1818.0248,38.4363,63.2777,32.1912,56.4758,-160,c(43.9033, 13.6534, 32.9693, 63.2192, 43.9033, 95.3176, 84.3076, 31.2377, 42.2477, 95.3176),9.3588,5.3345,3077.9745,49.8246,65.769,49.6224,62.028,-80,c(14.9734, 23.5902, 84.6758, 76.059, 14.9734, 84.8177, 35.9492, 46.7203, 95.5888, 84.8177),10.2789,8.2231
"Levi's","straight","women","Classic Bootcut","79% cotton, 19% polyester, 2% elastane",54.5,12.2,14.5,7,17,12.7,15.5,12.5,12.5,11.5,"FALSE",0,"straight","women - straight","$50 - $99",5955.6778,3770.1161,60.2999,67.1759,43.4173,86.8345,-80,c(13.7726, 21.3119, 106.8272, 99.2879, 13.7726, 81.0154, 38.2578, 53.3365, 96.0941, 81.0154),14.3897,7.1949,1361.0169,61.9377,52.4992,11.6663,116.6626,-50,c(13.5038, 21.0028, 110.3715, 102.8726, 13.5038, 19.473, 10.5361, 85.5254, 94.4623, 19.473),19.3327,1.9333,2594.0873,44.6306,61.2563,45.5551,56.9439,-70,c(10.0853, 25.6661, 79.1758, 63.5951, 10.0853, 72.9222, 30.1144, 49.5903, 92.3982, 72.9222),1578.002,36.9263,58.4875,29.991,52.6158,-155,c(39.3986, 12.2175, 34.4539, 61.635, 39.3986, 88.6679, 75.9932, 28.307, 40.9818, 88.6679),8.7192,4.9699,2594.0873,44.6306,61.2563,45.5551,56.9439,-70,c(10.0853, 25.6661, 79.1758, 63.5951, 10.0853, 72.9222, 30.1144, 49.5903, 92.3982, 72.9222),9.4364,7.5491
"Levi's","skinny","women","711 Skinny","60% cotton, 23% viscose, 16% polyester, 1% elastane",54.5,12.5,14,6.5,15,12,14.5,11.5,12,10.5,"FALSE",0,"skinny","women - skinny","$50 - $99",5412.6825,3746.2115,55.2586,67.1744,43.2794,86.5588,-85,c(10.2579, 14.0299, 100.2593, 96.4873, 10.2579, 84.9597, 41.845, 49.3891, 92.5038, 84.9597),14.344,7.172,1018.671,53.2757,52.1976,10.0929,100.9292,-40,c(16.9719, 24.7035, 89.5796, 81.8479, 16.9719, 16.7832, 10.2956, 87.6119, 94.0995, 16.7832),16.7254,1.6725,2822.0112,46.3854,63.179,47.5143,59.3929,-75,c(11.552, 23.8497, 81.2188, 68.9212, 11.552, 78.4406, 32.5453, 47.9173, 93.8126, 78.4406),1566.3163,36.3542,60.1988,29.8798,52.4206,-155,c(38.8174, 11.7371, 33.891, 60.9713, 38.8174, 90.2673, 77.6395, 30.1303, 42.758, 90.2673),8.6868,4.9515,2822.0112,46.3854,63.179,47.5143,59.3929,-75,c(11.552, 23.8497, 81.2188, 68.9212, 11.552, 78.4406, 32.5453, 47.9173, 93.8126, 78.4406),9.8422,7.8738
"Lucky","skinny","women","Ava Mid Rise Skinny","69% cotton, 21% polyester, 8% modal, 2% elastane",99,13,14.5,6,13.5,12.7,16,12.7,14.5,12.5,"FALSE",0,"skinny","women - skinny","$50 - $99",5151.4724,3070.7251,50.7328,65.5287,39.1837,78.3674,90,c(89.9165, 89.9165, 11.5491, 11.5491, 89.9165, 45.9369, 85.1206, 85.1206, 45.9369, 45.9369),12.9866,6.4933,983.1663,46.4377,54.0045,9.9155,99.1547,-40,c(10.7722, 18.3679, 82.1033, 74.5076, 10.7722, 19.2128, 12.8393, 88.7962, 95.1697, 19.2128),16.4314,1.6431,3469.1423,47.0976,65.2292,52.6812,65.8516,-80,c(10.0981, 19.2461, 84.0972, 74.9492, 10.0981, 85.4522, 33.5713, 45.0063, 96.8872, 85.4522),1857.4422,35.2254,61.8882,32.5383,57.0848,-160,c(40.7514, 10.1754, 29.6995, 60.2755, 40.7514, 94.2736, 83.1449, 29.5027, 40.6315, 94.2736),9.4598,5.3921,3469.1423,47.0976,65.2292,52.6812,65.8516,-80,c(10.0981, 19.2461, 84.0972, 74.9492, 10.0981, 85.4522, 33.5713, 45.0063, 96.8872, 85.4522),10.9125,8.73
"Lucky","straight","women","Sweet Boot","96% cotton, 3% other fiber, 1% elastane",79.5,15,16.5,5.5,15.5,12.2,14.5,12.7,13,11,"FALSE",0,"straight","women - straight","$50 - $99",7178.176,4152.093,56.7672,67.5082,45.5637,91.1273,90,c(102.3309, 102.3309, 11.2036, 11.2036, 102.3309, 44.7263, 90.29, 90.29, 44.7263, 44.7263),15.1011,7.5505,1380.5703,60.0022,59.7782,11.7498,117.4977,-40,c(17.7387, 26.7396, 102.2656, 93.2648, 17.7387, 18.5502, 10.9976, 101.0061, 108.5587, 18.5502),19.471,1.9471,5020.9828,56.7672,73.017,63.3781,79.2227,-85,c(14.5448, 20.0685, 98.9897, 93.466, 14.5448, 101.1331, 37.9962, 44.9009, 108.0379, 101.1331),2595.767,39.355,67.9974,38.4654,67.4832,-165,c(49.1994, 12.0446, 29.5106, 66.6653, 49.1994, 105.5671, 95.6115, 30.4278, 40.3833, 105.5671),11.1829,6.3743,5020.9828,56.7672,73.017,63.3781,79.2227,-85,c(14.5448, 20.0685, 98.9897, 93.466, 14.5448, 101.1331, 37.9962, 44.9009, 108.0379, 101.1331),13.1283,10.5027
"Old Navy","skinny","women","Original Skinny","86% cotton, 13% polyester, 1% spandex",29.99,14.5,12.5,6,14,12,16.5,13.5,13,12,"FALSE",0,"skinny","women - skinny","< $50",5557.1061,3070.674,50.2071,67.2139,39.1834,78.3668,90,c(89.3905, 89.3905, 11.0237, 11.0237, 89.3905, 47.6223, 86.8056, 86.8056, 47.6223, 47.6223),12.9865,6.4932,1025.6655,52.2414,48.0305,10.1275,101.2751,-50,c(10.1958, 16.7057, 94.2869, 87.7771, 10.1958, 19.3604, 11.6022, 76.7006, 84.4588, 19.3604),16.7827,1.6783,3026.8191,43.1135,66.288,49.2083,61.5104,-85,c(10.331, 14.6198, 75.8961, 71.6073, 10.331, 88.1181, 39.097, 44.458, 93.479, 88.1181),2102.4389,36.5614,66.3312,34.6178,60.7329,-165,c(45.4211, 11.9829, 27.7017, 61.1399, 45.4211, 100.1428, 91.1831, 32.5196, 41.4793, 100.1428),10.0643,5.7367,3026.8191,43.1135,66.288,49.2083,61.5104,-85,c(10.331, 14.6198, 75.8961, 71.6073, 10.331, 88.1181, 39.097, 44.458, 93.479, 88.1181),10.1931,8.1545
"Old Navy","boot-cut","women","Original Boot Cut","86% cotton, 13% polyester, 1% spandex",29.99,12,12.5,5.5,14.5,11.5,15,12,13.5,11,"FALSE",0,"straight","women - straight","< $50",5002.4894,3399.3674,53.75,61.5032,41.2272,82.4544,-85,c(10.8831, 14.4763, 96.6169, 93.0237, 10.8831, 78.4452, 37.3749, 44.5612, 85.6316, 78.4452),13.6639,6.8319,938.4676,49.057,48.0923,9.6875,96.8745,-45,c(11.3816, 18.2317, 86.7323, 79.8823, 11.3816, 17.267, 10.4169, 78.9176, 85.7676, 17.267),16.0535,1.6053,2553.0342,43.0135,59.5391,45.1932,56.4915,-80,c(11.273, 19.1207, 74.754, 66.9063, 11.273, 76.8876, 32.381, 42.1907, 86.6973, 76.8876),1532.3786,33.3905,57.0262,29.5543,51.8496,-160,c(38.4097, 10.6377, 28.3714, 56.1433, 38.4097, 86.4417, 76.3335, 27.6108, 37.719, 86.4417),8.5922,4.8976,2553.0342,43.0135,59.5391,45.1932,56.4915,-80,c(11.273, 19.1207, 74.754, 66.9063, 11.273, 76.8876, 32.381, 42.1907, 86.6973, 76.8876),9.3615,7.4892
"Ralph Lauren","skinny","women","Modern Skinny Slimming Fit","92% cotton, 7% poly, 1% elastane",89.5,13,13.5,6.5,14.5,12,15.5,13,13.5,12.5,"FALSE",0,"skinny","women - skinny","$50 - $99",5318.5917,3346.6694,53.75,66.1025,40.9064,81.8128,-85,c(11.2166, 14.7819, 96.2834, 92.7181, 11.2166, 82.9126, 42.1619, 49.2924, 90.0431, 82.9126),13.5576,6.7788,946.1628,49.5394,51.2195,9.7271,97.2709,-40,c(14.5515, 22.0029, 84.5274, 77.076, 14.5515, 17.0888, 10.8364, 85.3502, 91.6027, 17.0888),16.1192,1.6119,2614.7021,44.0893,64.023,45.7358,57.1697,-75,c(10.5598, 22.3971, 77.6188, 65.7816, 10.5598, 78.7134, 34.536, 49.3326, 93.51, 78.7134),1701.1335,38.9795,62.5522,31.1391,54.6301,-160,c(44.2679, 15.0066, 33.6912, 62.9524, 44.2679, 93.545, 82.8948, 31.5593, 42.2095, 93.545),9.053,5.1602,2614.7021,44.0893,64.023,45.7358,57.1697,-75,c(10.5598, 22.3971, 77.6188, 65.7816, 10.5598, 78.7134, 34.536, 49.3326, 93.51, 78.7134),9.4738,7.5791
"Ralph Lauren","straight","women","Premier Straight Slimming Fit","92% cotton, 7% poly, 1% elastane",89.5,13,13.5,6.5,14.5,12,14.5,13,13,12.2,"FALSE",0,"straight","women - straight","$50 - $99",5318.5917,3322.7777,53.75,63.9204,40.7601,81.5203,-80,c(10.0701, 17.1481, 97.4299, 90.3519, 10.0701, 76.913, 36.7721, 50.9279, 91.0688, 76.913),13.5091,6.7545,944.0476,51.8989,51.1362,9.7162,97.1621,-40,c(16.9501, 24.3931, 86.8478, 79.4047, 16.9501, 17.0437, 10.7982, 85.2287, 91.4742, 17.0437),16.1012,1.6101,2770.2854,47.5585,64.8371,47.0768,58.846,-80,c(14.495, 22.6698, 80.6219, 72.4471, 14.495, 82.9087, 36.5471, 46.7656, 93.1272, 82.9087),1729.9855,34.5248,60.7145,31.4021,55.0914,-160,c(39.8578, 10.3495, 29.1918, 58.7002, 39.8578, 91.969, 81.2289, 29.4599, 40.2001, 91.969),9.1294,5.2038,2770.2854,47.5585,64.8371,47.0768,58.846,-80,c(14.495, 22.6698, 80.6219, 72.4471, 14.495, 82.9087, 36.5471, 46.7656, 93.1272, 82.9087),9.7516,7.8013
"Tommy Hilfiger","skinny","women","Greenwich Skinny","90% cotton, 8% polyester, 2% elastane",69.5,12.5,12.5,6.5,16,12,14,11.7,13,11.5,"FALSE",0,"skinny","women - skinny","$50 - $99",5481.5787,3078.2837,55.1889,64.6854,39.2319,78.4638,-85,c(14.3967, 17.816, 95.9812, 92.5619, 14.3967, 80.8074, 41.7248, 48.5634, 87.646, 80.8074),13.0026,6.5013,1125.2069,55.1245,48.7927,10.6076,106.0758,-50,c(11.0859, 17.9043, 99.163, 92.3446, 11.0859, 18.7635, 10.6376, 78.8218, 86.9477, 18.7635),17.5783,1.7578,2546.6389,43.7205,61.4628,45.1366,56.4207,-75,c(10.6302, 22.3124, 76.8107, 65.1285, 10.6302, 75.9607, 32.3621, 46.9649, 90.5635, 75.9607),1570.326,34.7667,57.8249,29.918,52.4877,-160,c(39.8477, 11.734, 29.6858, 57.7995, 39.8477, 87.6023, 77.3697, 28.0474, 38.28, 87.6023),8.698,4.9578,2546.6389,43.7205,61.4628,45.1366,56.4207,-75,c(10.6302, 22.3124, 76.8107, 65.1285, 10.6302, 75.9607, 32.3621, 46.9649, 90.5635, 75.9607),9.3497,7.4798
"Tommy Hilfiger","straight","women","Tribeca Straight","99% cotton, 1% elastane",69.5,15,15.5,7.5,16.7,13,15.5,13,15,12.5,"FALSE",0,"straight","women - straight","$50 - $99",7059.7973,4419.5803,60.3879,72.2543,47.0084,94.0168,-80,c(10.0122, 18.1752, 110.7636, 102.6007, 10.0122, 87.2385, 40.9442, 57.2701, 103.5643, 87.2385),15.5799,7.79,1253.6307,55.8751,57.4207,11.1966,111.9656,-40,c(15.6015, 24.1786, 96.1487, 87.5716, 15.6015, 18.1339, 10.9369, 96.7075, 103.9045, 18.1339),18.5543,1.8554,3437.2982,48.6019,71.5141,52.4389,65.5486,-75,c(10.1583, 23.7304, 87.0456, 73.4734, 10.1583, 88.3576, 37.7055, 54.6707, 105.3228, 88.3576),2203.4954,41.7557,69.713,35.44,62.1754,-160,c(47.7745, 14.4718, 35.737, 69.0397, 47.7745, 104.9865, 92.8653, 34.4395, 46.5607, 104.9865),10.3034,5.8729,3437.2982,48.6019,71.5141,52.4389,65.5486,-75,c(10.1583, 23.7304, 87.0456, 73.4734, 10.1583, 88.3576, 37.7055, 54.6707, 105.3228, 88.3576),10.8623,8.6899
"True Religion","straight","women","Slim Straight","62% cotton, 21% rayon, 15% polyester, 2% elastane",249,14.5,11.7,5.7,14,11.7,14.7,12.5,13,9.5,"TRUE",0,"straight","women - straight","$150+",5384.5568,2815.157,52.2414,62.9714,37.5177,75.0354,90,c(89.7591, 89.7591, 14.7237, 14.7237, 89.7591, 44.2125, 81.7303, 81.7303, 44.2125, 44.2125),12.4344,6.2172,851.8482,41.6441,53.75,9.2296,92.2956,-30,c(14.5736, 22.5667, 68.7145, 60.7215, 14.5736, 16.0922, 11.4774, 91.4078, 96.0226, 16.0922),15.2947,1.5295,3255.5093,52.2414,63.2216,51.0334,63.7917,-75,c(14.8281, 28.0365, 89.6546, 76.4462, 14.8281, 79.6136, 30.3191, 46.8296, 96.1241, 79.6136),2033.1554,34.959,63.9342,34.0426,59.7239,-165,c(43.6715, 10.7889, 26.2466, 59.1292, 43.6715, 97.184, 88.3731, 30.6843, 39.4952, 97.184),9.8971,5.6413,3255.5093,52.2414,63.2216,51.0334,63.7917,-75,c(14.8281, 28.0365, 89.6546, 76.4462, 14.8281, 79.6136, 30.3191, 46.8296, 96.1241, 79.6136),10.5712,8.457
"True Religion","skinny","women","Stella","55% cotton, 31% polyester, 13% lyocell, 1% elastane",179,14,11,6.2,15,12,13,10.5,11.5,9.7,"TRUE",0,"skinny","women - skinny","$150+",5387.754,2926.2588,53.0668,57.7582,38.2509,76.5017,-65,c(10.317, 26.4825, 95.8166, 79.6511, 10.317, 58.9262, 24.2591, 56.5902, 91.2572, 58.9262),12.6774,6.3387,918.261,50.6898,49.9744,9.5826,95.8259,-40,c(16.2216, 23.5623, 85.158, 77.8173, 16.2216, 16.3507, 10.1911, 83.598, 89.7576, 16.3507),15.8797,1.588,2883.8225,46.975,64.4544,48.0318,60.0398,-80,c(13.2408, 21.5815, 80.7091, 72.3685, 13.2408, 82.8926, 35.5904, 46.0162, 93.3184, 82.8926),1847.8354,33.9507,61.1582,32.4541,56.937,-165,c(42.2566, 10.9084, 25.6447, 56.9929, 42.2566, 92.8565, 84.4568, 29.4599, 37.8596, 92.8565),9.4353,5.3781,2883.8225,46.975,64.4544,48.0318,60.0398,-80,c(13.2408, 21.5815, 80.7091, 72.3685, 13.2408, 82.8926, 35.5904, 46.0162, 93.3184, 82.8926),9.9495,7.9596
"Uniqlo","straight","women","High-Rise Straight","98% cotton, 2% spandex",39.9,15.5,12,6.5,16.5,12.5,14.5,12.5,12.5,11.5,"TRUE",0,"straight","women - straight","< $50",6704.7962,3627.8699,57.6793,62.2858,42.5903,85.1806,-65,c(10.0796, 28.0791, 105.2789, 87.2795, 10.0796, 63.5863, 24.9864, 60.9853, 99.5852, 63.5863),14.1156,7.0578,1190.6784,52.2017,56.7672,10.9118,109.1182,-40,c(12.9523, 21.3113, 91.4511, 83.0921, 12.9523, 18.4795, 11.4655, 95.055, 102.0689, 18.4795),18.0824,1.8082,3819.5972,49.0938,69.82,55.2782,69.0977,-80,c(10.2703, 19.8692, 87.9172, 78.3183, 10.2703, 91.0398, 36.6014, 48.6001, 103.0385, 91.0398),2154.1907,38.151,68.5267,35.0412,61.4759,-160,c(44.102, 11.174, 32.1999, 65.1279, 44.102, 103.4033, 91.4185, 33.65, 45.6348, 103.4033),10.1874,5.8068,3819.5972,49.0938,69.82,55.2782,69.0977,-80,c(10.2703, 19.8692, 87.9172, 78.3183, 10.2703, 91.0398, 36.6014, 48.6001, 103.0385, 91.0398),11.4505,9.1604
"Uniqlo","skinny","women","Skinny Fit","87% cotton, 9% polyester, 4% spandex",39.9,13,13,5.5,14,11.5,14,12,14.2,11.7,"FALSE",0,"skinny","women - skinny","< $50",5253.8165,3365.1143,52.2414,66.3094,41.019,82.038,90,c(93.2604, 93.2604, 11.2224, 11.2224, 93.2604, 45.7999, 86.8189, 86.8189, 45.7999, 45.7999),13.5949,6.7974,1030.1932,52.2414,52.3017,10.1498,101.4984,-50,c(10.1031, 16.6273, 94.3796, 87.8554, 10.1031, 23.5683, 15.7931, 81.035, 88.8103, 23.5683),16.8197,1.682,2947.9485,44.3826,63.1692,48.5629,60.7037,-80,c(10.2754, 18.7083, 78.4897, 70.0569, 10.2754, 81.8112, 33.986, 44.5271, 92.3523, 81.8112),1824.9552,35.3146,61.0227,32.2525,56.5834,-160,c(40.792, 10.4846, 29.8372, 60.1447, 40.792, 93.1237, 82.0927, 28.9217, 39.9528, 93.1237),9.3767,5.3447,2947.9485,44.3826,63.1692,48.5629,60.7037,-80,c(10.2754, 18.7083, 78.4897, 70.0569, 10.2754, 81.8112, 33.986, 44.5271, 92.3523, 81.8112),10.0595,8.0476
"Wrangler","skinny","women","Born Ready Skinny Jean","78% cotton, 18% modal, 3% poly",99,14,11.5,6.5,17,13.5,15,11.7,14.5,11.7,"FALSE",0,"skinny","women - skinny","$50 - $99",6110.3179,2955.2681,51.473,66.023,38.44,76.88,-85,c(11.5042, 14.8544, 91.4419, 88.0916, 11.5042, 81.8196, 43.5259, 50.2264, 88.5201, 81.8196),12.7401,6.3701,1144.3825,57.8732,48.6247,10.6976,106.9758,-55,c(10.9905, 17.1264, 104.7559, 98.62, 10.9905, 22.3268, 13.5639, 74.9227, 83.6856, 22.3268),17.7274,1.7727,2965.3792,45.3594,65.0616,48.7063,60.8829,-80,c(11.1516, 19.6094, 79.5673, 71.1095, 11.1516, 83.7587, 35.7924, 46.3646, 94.3309, 83.7587),1940.5478,37.3708,63.9633,33.2583,58.3478,-160,c(43.019, 11.7665, 31.7226, 62.9751, 43.019, 97.0653, 85.6903, 30.8612, 42.2362, 97.0653),9.6691,5.5114,2965.3792,45.3594,65.0616,48.7063,60.8829,-80,c(11.1516, 19.6094, 79.5673, 71.1095, 11.1516, 83.7587, 35.7924, 46.3646, 94.3309, 83.7587),10.0892,8.0713
"Wrangler","straight","women","Acid Wash Fringe Hem Crop","98% cotton, 2% spandex",99,15,12.5,7.5,15,11,16,13.5,13.2,12.5,"FALSE",0,"straight","women - straight","$50 - $99",5936.5412,2712.6993,55.2586,60.7955,36.8287,73.6573,-65,c(14.0983, 29.6628, 96.4189, 80.8545, 14.0983, 61.92, 28.542, 59.6709, 93.049, 61.92),12.2061,6.103,1114.4825,54.027,49.4916,10.5569,105.5691,-50,c(10.1987, 16.9846, 97.8552, 91.0693, 10.1987, 19.6059, 11.5188, 79.3773, 87.4644, 19.6059),17.4943,1.7494,2895.63,43.8984,68.4643,48.1301,60.1626,-80,c(10.0953, 18.453, 77.7016, 69.3439, 10.0953, 86.9402, 39.5413, 49.9885, 97.3873, 86.9402),2091.0686,37.9584,68.5524,34.524,60.5685,-160,c(43.8216, 11.3796, 32.0953, 64.5373, 43.8216, 102.9142, 91.1063, 34.1905, 45.9984, 102.9142),10.0371,5.7211,2895.63,43.8984,68.4643,48.1301,60.1626,-80,c(10.0953, 18.453, 77.7016, 69.3439, 10.0953, 86.9402, 39.5413, 49.9885, 97.3873, 86.9402),9.9698,7.9758
